gene2,scaffold.x,start.x,end.x,dxy_Meadow_Lake,within,between,l_v_l_mean,l_v_m_mean,m_v_m_mean,mean_diff
AACS,NC_045553.1,14206605,14256726,0.2992,0.00460432734834206,0.672473417011912,0.271626666666667,0.239963888888889,0.189946666666667,0.00917722222222223
ADRB2,NC_045542.1,76394605,76463823,0.2014,0.0297704696743934,0.753659451580239,0.20764,0.227336111111111,0.256173333333333,-0.00457055555555558
AIFM1,NC_045552.1,47589958,47617405,0.1615,0.737164067551848,0.807063034360257,0.164946666666667,0.161702777777778,0.161666666666667,-0.00160388888888888
AIFM2,NC_045555.1,13454546,13466706,0.1715,3.19494726838585e-05,0.90719917419355,0.162853333333333,0.191419444444444,0.217793333333333,0.0010961111111111
AKT1,NC_045541.1,151083181,151180361,0.1386,0.0249779486205118,0.785631326935342,0.13896,0.127444444444444,0.11126,0.00233444444444444
AKT2,NC_045552.1,242902,252080,0.2669,0.000918695713586991,0.2853271404529,0.29466,0.282591666666667,0.249493333333333,0.010515
AKT3,NC_045544.1,71035057,71205040,0.3575,0.0452056948668685,0.348889570958587,0.352173333333333,0.343522222222222,0.312153333333333,0.0113588888888889
ALCAM,NC_045546.1,34350297,34478971,0.2465,0.000946771774296176,0.00420890411193955,0.24894,0.253047222222222,0.197633333333333,0.0297605555555555
ALPK1,NC_045549.1,26291217,26349280,0.1039,0.689634639101018,0.932288452975915,0.0890133333333333,0.0919777777777778,0.0935466666666667,0.000697777777777769
AMDHD1,NC_045547.1,37666474,37678064,0.2632,3.85182035242422e-05,0.0813707930143899,0.257393333333333,0.251172222222222,0.210206666666667,0.0173722222222222
ARNT,NC_045557.1,1721974,1737863,0.2534,0.223194570993078,0.467161903725821,0.335533333333333,0.283813888888889,0.27846,-0.0231827777777778
ATF2,NC_045541.1,23631386,23679141,0.2013,0.132153038955142,0.986320497393847,0.205573333333333,0.231747222222222,0.2571,0.000410555555555553
ATP5F1A,NC_045543.1,142013791,142028579,0.3197,0.000231968820972293,0.599175578661136,0.364486666666667,0.337936111111111,0.298286666666667,0.00654944444444444
ATP5F1B,NC_045542.1,28179118,28186474,0.3419,4.46348260773475e-08,0.0206459771605502,0.348346666666667,0.334802777777778,0.268866666666667,0.0261961111111111
ATP5F1C,NC_045547.1,5603677,5620049,0.1369,2.0691042959787e-07,0.94568530328797,0.11908,0.135138888888889,0.151813333333333,-0.000307777777777768
ATP5F1D,NC_045541.1,175081193,175091426,0.2433,6.24052355813384e-06,0.533661044935261,0.2104,0.247086111111111,0.2718,0.00598611111111111
ATP5F1E,NC_045545.1,86268313,86273824,0.1533,0.115522992204798,0.930288611752004,0.14724,0.159136111111111,0.172906666666667,-0.000937222222222228
ATP5MC2,NC_045542.1,22459222,22471798,0.3363,0.46751069921254,0.816527647651575,0.30226,0.316902777777778,0.322726666666667,0.00440944444444441
ATP5ME,NC_045543.1,49250743,49255584,0.0287,0.550707066326779,0.971132185187671,0.03536,0.0394805555555556,0.0443533333333333,-0.000376111111111112
ATP5MF,NC_045554.1,4627104,4630500,0.2795,0.0935248696542924,0.500083822515539,0.27638,0.269633333333333,0.24866,0.0071133333333333
ATP5PB,NC_045545.1,58431365,58444921,0.2492,0.0208504632742143,0.396811971580653,0.243613333333333,0.26595,0.273653333333333,0.00731666666666669
ATP5PD,NC_045542.1,52924691,52931199,0.1296,0.0100130100517245,0.988276918660749,0.0720733333333333,0.126686111111111,0.180453333333333,0.000422777777777772
ATP6AP1,NC_045542.1,9510780,9528946,0.2977,0.594700122003627,0.849438645249858,0.293206666666667,0.292191666666667,0.288793333333333,0.0011916666666667
ATP6V1A,NC_045543.1,38605356,38637546,0.4318,0.887969174534271,0.578702277219443,0.4301,0.424941666666667,0.432146666666667,-0.0061816666666667
ATP6V1B2,NC_045553.1,34564841,34583588,0.0929,0.101521114540822,0.934840517961965,0.09546,0.0876666666666667,0.0809133333333333,-0.000519999999999993
ATP6V1C1,NC_045548.1,56988198,57025562,0.2591,0.228304287495663,0.23365513402428,0.273306666666667,0.275583333333333,0.258733333333333,0.00956333333333337
ATP6V1E1,NC_045547.1,14662149,14674540,0.2385,0.892101661060229,0.937286304384209,0.219633333333333,0.219516666666667,0.21824,0.000579999999999997
ATP6V1H,NC_045548.1,38891196,38910014,0.2268,0.0107288100181134,0.971063462309788,0.184886666666667,0.240886111111111,0.294713333333333,0.00108611111111112
AVPR2,NC_045542.1,7914403,7919720,0.1243,0.365338529397512,0.565164163137892,0.12566,0.127111111111111,0.137306666666667,-0.00437222222222222
B3GAT3,NC_045557.1,6271786,6280201,0.1046,0.711289288145794,0.976498616672158,0.122046666666667,0.124661111111111,0.127913333333333,-0.000318888888888896
BTBD16,NC_045550.1,8677753,8734744,0.0918,0.252740406122427,0.674375051755973,0.0914333333333333,0.10225,0.105546666666667,0.00376000000000001
CA5A,NC_045554.1,47994229,48011053,0.2871,0.192141268872574,0.616842549065595,0.299773333333333,0.297308333333333,0.289073333333333,0.00288500000000003
CASP3,NC_045549.1,48814636,48829477,0.198,7.49354757162874e-05,0.785633871400089,0.2467,0.193086111111111,0.127913333333333,0.00577944444444445
CASP9,NC_045555.1,188223,191546,0.2517,0.267942957463036,0.923484655778231,0.23328,0.241111111111111,0.25118,-0.00111888888888889
CATSPER1,NC_045557.1,8957182,8964303,NA,NA,NA,NA,NA,NA,NA
CATSPER2,NC_045548.1,75263269,75264739,0.3434,0.308469955932663,0.963327723591949,0.34118,0.350266666666667,0.360573333333333,-0.000609999999999999
CATSPER3,NC_045542.1,85985786,86002071,0.3283,0.332402952539042,0.39396383290646,0.334393333333333,0.336808333333333,0.321546666666667,0.00883833333333334
CATSPER4,NC_045552.1,16116075,16164788,0.1562,0.00662127901654048,0.874933926445112,0.143366666666667,0.158213888888889,0.170746666666667,0.0011572222222222
CATSPERG,NC_045552.1,2866949,2920727,0.2505,0.0511970431834312,0.975819175865284,0.267446666666667,0.230116666666667,0.194346666666667,-0.000780000000000003
CC2D1A,NC_045542.1,4181053,4257445,0.2564,0.0013119016891181,0.979788379047912,0.22562,0.252016666666667,0.27786,0.000276666666666647
CCKAR,NC_045549.1,68399777,68427029,0.2979,0.676401935961149,0.833009387802958,0.291633333333333,0.292447222222222,0.29708,-0.00190944444444441
CCN2,NC_045544.1,42953499,42959286,0.306,0.136137244720411,0.880830141857314,0.34678,0.325555555555556,0.30968,-0.00267444444444448
CCND1,NC_045541.1,99316894,99339972,0.218,0.102609623625649,0.943986406421615,0.201413333333333,0.211336111111111,0.22258,-0.000660555555555553
CCS,NC_045557.1,9237017,9246390,0.3112,0.435800156201228,0.0139600763059509,0.290973333333333,0.309911111111111,0.28088,0.0239844444444445
CD74,NC_045542.1,91168637,91196013,0.1845,0.221682689289429,0.946525431777074,0.18566,0.197161111111111,0.21054,-0.000938888888888878
CDK1,NC_045555.1,28553926,28564304,0.3534,0.00442427841651388,0.856914847768012,0.397513333333333,0.350294444444444,0.2939,0.0045877777777778
CDKN1A,NC_045545.1,47896244,47905926,0.2672,0.133001488198976,0.814132328268701,0.27004,0.260130555555556,0.253366666666667,-0.00157277777777781
CFH,NC_045545.1,259128,351600,0.3472,0.00676710421777198,0.539376931520308,0.3566,0.348447222222222,0.34398,-0.00184277777777775
CHEK1,NC_045553.1,37419384,37433319,0.3071,0.581976800760132,0.871174521487854,0.337386666666667,0.328683333333333,0.32514,-0.00258000000000003
CHEK2,NC_045553.1,31101,38024,0.3891,0.584548599179088,0.713697587367636,0.391166666666667,0.386797222222222,0.386413333333333,-0.00199277777777779
CREBBP,NC_045554.1,28,31460,0.1689,1.11605845580059e-05,0.538279502328192,0.18592,0.166308333333333,0.136493333333333,0.00510166666666667
CTSL,NC_045543.1,84641238,84652874,0.1935,3.95842354704726e-08,0.234642334390275,0.22294,0.192491666666667,0.136346666666667,0.0128483333333334
D2HGDH,NC_045550.1,32707353,32720172,0.3031,7.28849963332483e-11,0.0863591931681604,0.3153,0.267452777777778,0.123106666666667,0.0482494444444444
DDB2,NC_045541.1,109679738,109721802,0.4335,0.000498480206498647,0.00433373583924029,0.411073333333333,0.421166666666667,0.35362,0.03882
DDX4,NC_045543.1,122241130,122257920,0.0578,0.52434347300726,0.946098834232594,0.0722266666666667,0.0783916666666667,0.08666,-0.00105166666666667
DECR1,NC_045548.1,51973102,51989892,0.465,0.000724722728884427,0.472190994103849,0.47606,0.446283333333333,0.3971,0.00970333333333329
DHX29,NC_045543.1,122457999,122490672,0.1299,0.00370823836456893,0.845178593575716,0.123693333333333,0.161744444444444,0.193466666666667,0.00316444444444444
DMRT1,NC_045543.1,76602171,76682763,0.0533,0.0130220582819152,0.992429981340272,0.0185333333333333,0.0663861111111111,0.113753333333333,0.000242777777777772
DNAJA1,NC_045543.1,45101414,45109315,0.0935,0.207981528699187,0.622068366831052,0.0962266666666667,0.0926305555555555,0.0780933333333333,0.00547055555555555
DNAJA3,NC_045554.1,263769,270367,0.0723,0.511309128015547,0.975929472463473,0.0797266666666667,0.0844444444444444,0.0897933333333333,-0.000315555555555555
DNAJC22,NC_045542.1,35552308,35562127,0.208,0.00279249521492399,0.76836976370955,0.23726,0.214758333333333,0.19734,-0.00254166666666666
DRD4,NC_045541.1,76374179,76405856,0.3139,8.68505419042726e-05,0.636084724064203,0.324213333333333,0.308341666666667,0.28546,0.00350500000000004
E2F6,NC_045543.1,6310249,6319756,0.3183,1.1696263923978e-09,0.403764558184626,0.35012,0.314947222222222,0.262846666666667,0.00846388888888888
EDA,NC_045552.1,35702579,35795587,NA,NA,NA,NA,NA,NA,NA
EIF4A3,NC_045544.1,100836144,100847412,0.2951,0.0118311942103212,0.763944447492149,0.359153333333333,0.328911111111111,0.287786666666667,0.00544111111111112
EIF4H,NC_045544.1,124744258,124766850,0.0668,0.017258312185388,0.871790884801628,0.0569266666666667,0.0688,0.08306,-0.00119333333333334
ELK3,NC_045547.1,37532494,37584089,0.2833,8.22365099927912e-08,0.31352876840179,0.302586666666667,0.273347222222222,0.218533333333333,0.0127872222222222
EP300,NC_045547.1,32680338,32755615,0.2178,0.0998007383551092,0.829760958248652,0.228773333333333,0.245416666666667,0.269246666666667,-0.00359333333333334
FOS,NC_045541.1,131477535,131480876,0.3323,7.67032911374648e-06,0.260783084655234,0.328206666666667,0.28765,0.191806666666667,0.0276433333333334
FOXA1,NC_045541.1,129714464,129720820,0.3007,0.0107791373139475,0.610421196363246,0.317926666666667,0.299605555555556,0.26718,0.00705222222222224
FOXA3,NC_045552.1,1883056,1906575,0.1011,0.00750478967730316,0.757213491480756,0.111013333333333,0.102436111111111,0.0905266666666667,0.00166611111111112
FOXF1,NW_022473632.1,50839,53368,0.3575,0.0335626575340196,0.735074760305596,0.367033333333333,0.3455,0.327233333333333,0.00499999999999995
FOXJ1,NC_045542.1,55141783,55158438,0.1649,0.000401185342560764,0.834339589745135,0.130653333333333,0.190086111111111,0.240633333333333,0.0044427777777778
FOXJ2,NC_045549.1,77428351,77445081,0.2308,0.118537278801487,0.738837172062291,0.23112,0.223661111111111,0.21972,-0.00175888888888889
FOXK1,NC_045554.1,3926145,3984172,0.1954,0.000310619780632425,0.990439339893804,0.176093333333333,0.189980555555556,0.203993333333333,-6.27777777778005e-05
FOXN2,NC_045544.1,101706038,101750370,0.1639,0.235235111597123,0.607223083428023,0.181873333333333,0.177677777777778,0.16186,0.0058111111111111
FOXN3,NC_045541.1,139123513,139301006,0.2985,0.00153239570068614,0.514704265005053,0.305006666666667,0.286766666666667,0.252893333333333,0.00781666666666669
FOXO1,NC_045543.1,16454312,16501192,0.2811,0.000536390516468201,0.615063446148172,0.312093333333333,0.294075,0.265546666666667,0.00525499999999995
FOXO3,NC_045544.1,30931338,31059005,0.3063,3.78439369094029e-13,0.0117490633516093,0.32324,0.293508333333333,0.16474,0.0495183333333333
FOXO4,NC_045552.1,55418945,55432196,0.2327,0.00208285683497842,0.770944191352571,0.233206666666667,0.206905555555556,0.171933333333333,0.00433555555555556
FOXP4,NC_045545.1,50767690,50938364,0.1711,0.758041854205726,0.954667758275727,0.201786666666667,0.198738888888889,0.1969,-0.000604444444444463
GABARAPL1,NC_045542.1,247922,294605,0.2945,0.00516202390153657,0.629751634908475,0.289106666666667,0.274716666666667,0.249753333333333,0.00528666666666666
GADD45A,NC_045545.1,25111096,25115039,0.1942,0.00197247058494754,0.943495016903899,0.12534,0.180194444444444,0.231613333333333,0.00171777777777776
GADD45B,NC_045541.1,186465076,186466768,0.174,3.69019204299167e-08,0.725527600483634,0.122426666666667,0.182205555555556,0.231826666666667,0.00507888888888891
GADD45G,NC_045543.1,88419595,88421971,0.0477,0.241529867941516,0.966609521192032,0.0389866666666667,0.0444027777777778,0.05038,-0.000280555555555555
GAPDH,NC_045543.1,42145657,42151782,0.14,0.033603567405822,0.755832752704709,0.0973066666666667,0.127991666666667,0.148626666666667,0.005025
GDAP1,NC_045548.1,46590053,46597877,0.2539,0.000684580833212397,0.0388017127639814,0.202053333333333,0.241475,0.245213333333333,0.0178416666666667
GHR,NC_045543.1,126304208,126466410,0.3005,0.00116221684104437,0.290941499855907,0.29784,0.285655555555556,0.252593333333333,0.0104388888888889
GIGYF2,NC_045550.1,28492447,28591018,0.3461,1.86150686739975e-06,0.00339777845413026,0.311633333333333,0.315847222222222,0.215433333333333,0.0523138888888889
GPATCH1,NC_045554.1,37546856,37572480,0.3836,0.703554002205487,0.434329292307906,0.380153333333333,0.383175,0.376613333333333,0.00479166666666664
GPX1,NC_045542.1,100194069,100197177,0.4135,0.20388270503377,0.302390725216557,0.396813333333333,0.428825,0.429853333333333,0.0154916666666667
GPX3,NC_045542.1,91669017,91679582,0.2443,2.23229059023853e-05,0.0840032938772087,0.243493333333333,0.235186111111111,0.18446,0.0212094444444444
GPX4,NC_045541.1,175707582,175727532,0.3615,0.422018868512057,0.645286093481227,0.363773333333333,0.352141666666667,0.35098,-0.00523499999999999
GPX7,NC_045545.1,33750870,33759381,0.0522,0.000577691580059017,0.972352843405512,0.02796,0.0462361111111111,0.0650266666666667,-0.000257222222222221
GPX8,NC_045543.1,122551246,122559083,0.2773,0.00187946861604389,0.91403472182805,0.246586666666667,0.274538888888889,0.300086666666667,0.00120222222222222
GRB2,NC_045542.1,53268855,53351195,0.1637,0.111282367946778,0.545244380296687,0.178706666666667,0.218925,0.23036,0.0143916666666667
GSK3A,NC_045552.1,5330886,5357461,0.1367,0.00412158097305324,0.923784657821657,0.1712,0.140261111111111,0.106446666666667,0.00143777777777779
GSK3B,NC_045543.1,38025983,38157869,0.3233,1.08708548503225e-05,0.266018175486372,0.321093333333333,0.303455555555556,0.262706666666667,0.0115555555555555
GSTA1,NC_045544.1,4469255,4479935,0.2583,4.32242456265442e-09,0.48457124350952,0.220126666666667,0.257797222222222,0.284546666666667,0.00546055555555558
GSTP1,NC_045541.1,69278307,69290696,0.2635,0.00593023431227969,0.87602183736098,0.2441,0.262177777777778,0.28306,-0.00140222222222219
HAGHL,NC_045554.1,17331572,17349013,0.2148,0.0453656045760967,0.85362766812404,0.189886666666667,0.221322222222222,0.260853333333333,-0.00404777777777776
HDAC10,NC_045547.1,64580905,64610740,0.2616,0.0790637612162372,0.955034099584889,0.25696,0.2699,0.2817,0.000569999999999959
HDAC3,NC_045546.1,67978573,68016852,NA,NA,NA,NA,NA,NA,NA
HIF1A,NC_045541.1,154059133,154105065,0.2662,3.13766015737287e-09,0.0335989302326475,0.25548,0.240633333333333,0.178146666666667,0.02382
HIF1AN,NC_045555.1,18919275,18937425,0.2391,0.110255429657129,0.899007534943397,0.245113333333333,0.227638888888889,0.213586666666667,-0.00171111111111111
HSF1,NC_045548.1,80154044,80182729,0.2701,0.0471143185909902,0.914550857921518,0.253166666666667,0.265136111111111,0.27542,0.000842777777777803
HSF2,NC_045544.1,38052949,38079562,0.1734,0.000555899771454106,0.492425993285928,0.144673333333333,0.197380555555556,0.22428,0.0129038888888889
HSP90AA1,NC_045541.1,147315906,147322852,0.3196,0.0237732630855797,0.0198914735846019,0.310153333333333,0.313491666666667,0.276846666666667,0.0199916666666667
HSP90B1,NC_045547.1,24421892,24434095,0.1684,0.412781287476709,0.810303884860367,0.163813333333333,0.16735,0.168566666666667,0.00115999999999999
HSPA13,NC_045546.1,45587903,45595126,0.2118,0.199795456166747,0.116045439955057,0.196526666666667,0.219913888888889,0.214006666666667,0.0146472222222222
HSPA2,NC_045541.1,152503882,152506232,0.1444,4.0094002410845e-06,0.619214540117835,0.1152,0.153927777777778,0.182366666666667,0.00514444444444445
HSPA4,NC_045542.1,82303217,82330594,0.1059,0.105725448853406,0.931233021907319,0.11584,0.103669444444444,0.0932133333333333,-0.000857222222222231
HSPA5,NC_045556.1,35100400,35106860,0.2701,0.015032266244789,0.9448665702045,0.255966666666667,0.270980555555556,0.2872,-0.000602777777777785
HSPA8,NC_045553.1,44843810,44854285,0.1753,0.00211152119933621,0.43287637793082,0.167266666666667,0.188808333333333,0.198653333333333,0.00584833333333332
HSPA9,NC_045543.1,17768052,17791685,0.2449,0.114306278112741,0.871673814773597,0.248966666666667,0.238983333333333,0.22564,0.00167999999999999
HSPB1,NC_045544.1,121716293,121726986,0.3689,0.996588644737167,0.822851398065594,0.35684,0.354469444444444,0.356906666666667,-0.00240388888888887
HSPH1,NC_045546.1,24397277,24420818,0.3201,2.28448777211436e-12,0.224085206373875,0.217366666666667,0.321275,0.379786666666667,0.0226983333333333
IGF1,NC_045547.1,23829988,23903413,0.0756,0.196968639980869,0.912369264815823,0.0926866666666667,0.115141666666667,0.132926666666667,0.002335
IGF1R,NC_045556.1,21438666,21663937,0.1586,0.292638840718192,0.950392216441404,0.172133333333333,0.184647222222222,0.199326666666667,-0.00108277777777779
IGF2,NC_045541.1,80154142,80174323,0.2788,1.10458712758657e-09,0.309164054292781,0.30118,0.247469444444444,0.156146666666667,0.0188061111111111
IGF2R,NC_045544.1,58982645,59064872,0.3006,0.172243388864976,0.372329754580216,0.300066666666667,0.297422222222222,0.269086666666667,0.0128455555555556
IGFBP1,NC_045558.1,79525953,79536695,0.2967,0.226921587294011,0.626650269150023,0.30308,0.308208333333333,0.328913333333333,-0.00778833333333329
IGFBP2,NC_045541.1,60907109,60993928,0.2358,0.000557581335579022,0.888418201251686,0.192113333333333,0.243597222222222,0.290313333333333,0.00238388888888888
IGFBP3,NC_045558.1,79550336,79584615,0.3779,4.43861458997533e-15,0.121645658743761,0.44494,0.329966666666667,0.0793133333333333,0.06784
IGFBP4,NC_045558.1,97177152,97207892,0.2982,0.0014580017503891,0.756302507488048,0.28286,0.309111111111111,0.343353333333333,-0.00399555555555553
IGFBP7,NC_045543.1,43720138,43746573,0.1311,1.9807413544373e-06,0.457426644150604,0.166866666666667,0.126966666666667,0.0629933333333333,0.0120366666666667
INPP5A,NC_045555.1,48753482,48986459,0.2621,0.470761601307438,0.634646291706465,0.27022,0.271588888888889,0.282306666666667,-0.00467444444444443
INSR,NC_045541.1,166100054,166184388,0.3097,0.0413483427353249,0.421813456796843,0.2975,0.311519444444444,0.316206666666667,0.00466611111111115
IRS4,NC_045552.1,40406058,40423168,0.1993,3.93845908805815e-05,0.545797596729296,0.164266666666667,0.194658333333333,0.2145,0.00527499999999997
ISCA1,NC_045543.1,84051615,84058362,0.0807,1.61527244485797e-06,0.851986649816884,0.0961466666666667,0.0760805555555556,0.0537333333333333,0.00114055555555555
ISCA2,NC_045541.1,130904989,130912489,0.238,9.28105290404173e-06,0.976499388884789,0.217566666666667,0.270175,0.32182,0.000481666666666658
JAK1,NC_045545.1,26273465,26338926,0.3088,0.226552100804905,0.712031226085504,0.299446666666667,0.3037,0.3139,-0.00297333333333333
JAK2,NC_045543.1,75033530,75109628,0.1758,0.000989441042030731,0.412872492284857,0.187806666666667,0.178327777777778,0.156533333333333,0.00615777777777779
JUN,NC_045545.1,29151374,29154108,0.2131,4.57799655906015e-05,0.885592128023353,0.156993333333333,0.218666666666667,0.274573333333333,0.00288333333333335
KITLG,NC_045547.1,39920623,39973368,NA,NA,NA,NA,NA,NA,NA
KL,NC_045546.1,25030481,25050118,0.2203,0.014786143482034,0.999555552641015,0.194233333333333,0.216347222222222,0.238446666666667,7.22222222221403e-06
KLHL24,NC_045550.1,26653625,26669351,0.1431,0.659444511979939,0.808888478857022,0.1693,0.168269444444444,0.1604,0.00341944444444445
KMT2C,NC_045558.1,9320906,9492161,0.2256,1.54486424338397e-05,0.595817824059296,0.194833333333333,0.228261111111111,0.252386666666667,0.00465111111111111
KRAS,NC_045547.1,8018869,8053229,0.3173,0.739155306455977,0.46659400253845,0.315906666666667,0.318505555555556,0.31308,0.00401222222222219
LEPR,NC_045545.1,25982819,26029188,NA,NA,NA,NA,NA,NA,NA
LIN7C,NC_045541.1,94415494,94431850,0.1625,0.704468953036436,0.978511070432615,0.144733333333333,0.147319444444444,0.150473333333333,-0.000283888888888889
LOC116502538,NC_045542.1,861851,894981,0.225,0.0113829655280994,0.119021008741825,0.21552,0.228086111111111,0.22948,0.0055861111111111
LOC116503018,NC_045542.1,32845053,32850545,0.2743,1.9369912442454e-05,0.318807040809644,0.224026666666667,0.267291666666667,0.287893333333333,0.0113316666666666
LOC116503105,NC_045542.1,158143551,158144592,0.3393,0.0686060772575878,0.873105584629037,0.360186666666667,0.337769444444444,0.309253333333333,0.00304944444444444
LOC116503212,NC_045542.1,35893622,35903516,0.3953,4.25833973624922e-06,0.826718159989127,0.343366666666667,0.378230555555556,0.408253333333333,0.00242055555555559
LOC116503374,NC_045542.1,170734891,171291608,0.3244,0.471476388227536,0.978353840737628,0.313353333333333,0.316697222222222,0.320393333333333,-0.000176111111111099
LOC116503377,NC_045542.1,170768524,170886972,0.3115,0.000630382365949143,0.943653667787975,0.293926666666667,0.306466666666667,0.318353333333333,0.000326666666666642
LOC116503386,NC_045542.1,171001710,171505786,0.3422,0.0183031158928688,0.852703517386174,0.32872,0.339583333333333,0.352873333333333,-0.00121333333333334
LOC116503390,NC_045542.1,169611652,169618702,0.2919,0.0112985836295653,0.697713044371794,0.295573333333333,0.287161111111111,0.27454,0.00210444444444441
LOC116503394,NC_045542.1,170899655,170915629,0.3253,0.00223997205563356,0.97791045816551,0.312426666666667,0.321697222222222,0.330766666666667,0.000100555555555604
LOC116503405,NC_045542.1,172884745,172901387,0.1848,0.0632569907599203,0.978700535456155,0.186513333333333,0.206316666666667,0.226926666666667,-0.000403333333333339
LOC116503736,NC_045542.1,116187353,116192067,0.333,0.838357962208428,0.898921934588352,0.339226666666667,0.339077777777778,0.33706,0.000934444444444404
LOC116503820,NC_045542.1,115920792,115943491,0.2391,0.0542513276361279,0.579195580683789,0.240206666666667,0.234266666666667,0.220506666666667,0.00391
LOC116504544,NC_045542.1,160893567,160915567,0.3279,0.199749956098308,0.835159911590053,0.314133333333333,0.325702777777778,0.3331,0.00208611111111112
LOC116505343,NC_045541.1,71961730,71975426,0.0795,0.333939963201858,0.861391291377213,0.12014,0.143408333333333,0.18102,-0.00717166666666666
LOC116505849,NC_045543.1,30512609,30548372,0.3099,0.00532278310599989,0.655367615088453,0.265633333333333,0.297786111111111,0.318666666666667,0.00563611111111106
LOC116505938,NC_045541.1,116273315,116318685,0.2215,0.493038604655178,0.831507364413432,0.214086666666667,0.212505555555556,0.207413333333333,0.00175555555555557
LOC116506478,NC_045543.1,59501904,59524365,NA,NA,NA,NA,0,0.25,NA
LOC116506537,NC_045543.1,144287033,144377346,0.3085,0.00254321819537005,0.964970906023517,0.292973333333333,0.304338888888889,0.315226666666667,0.0002388888888889
LOC116506575,NC_045543.1,109406721,109417773,0.1567,6.46861472110676e-07,0.394744674252032,0.171326666666667,0.135294444444444,0.0750133333333333,0.0121244444444444
LOC116506766,NC_045543.1,37988454,37994728,0.485,0.000528885309102454,0.267932078573555,0.448353333333333,0.483,0.497406666666667,0.01012
LOC116506963,NC_045544.1,14911935,14915577,0.1411,0.0203880847212776,0.999612984490803,0.18156,0.150061111111111,0.11858,-8.88888888889161e-06
LOC116507099,NC_045544.1,4439408,4450843,0.2723,0.00280281481722867,0.715159968980589,0.289086666666667,0.278319444444444,0.262626666666667,0.00246277777777776
LOC116507565,NC_045544.1,46461409,46471643,0.3383,0.091852697686884,0.944193388704786,0.356033333333333,0.342711111111111,0.33104,-0.000825555555555524
LOC116507754,NC_045544.1,101979094,102013729,0.3588,0.828382988605473,0.066406813482073,0.361853333333333,0.388877777777778,0.365813333333333,0.0250444444444444
LOC116507918,NC_045544.1,4567425,4583606,0.2341,0.232662046888547,0.942128999465534,0.24532,0.239022222222222,0.231593333333333,0.000565555555555541
LOC116507992,NC_045544.1,94082703,94090734,0.1939,0.0506012231995652,0.864784148948953,0.165486666666667,0.175163888888889,0.18764,-0.00139944444444443
LOC116507994,NC_045544.1,18380505,18420517,0.194,0.291764384781019,0.645432958309587,0.187593333333333,0.190619444444444,0.202006666666667,-0.00418055555555555
LOC116508584,NC_045545.1,86208074,86222547,0.112,0.526384948499706,0.939798966776825,0.1535,0.145222222222222,0.139253333333333,-0.00115444444444443
LOC116508979,NC_045545.1,45374295,45383509,0.3533,0.329268471288524,0.619442908038435,0.356973333333333,0.360447222222222,0.380353333333333,-0.00821611111111115
LOC116509003,NC_045545.1,38933362,38937238,NA,NA,NA,NA,NA,NA,NA
LOC116509241,NC_045545.1,99166491,99185664,0.2002,0.0108030381352334,0.798069548469763,0.225646666666667,0.210372222222222,0.190153333333333,0.00247222222222224
LOC116509327,NC_045545.1,38102387,38127812,0.2569,0.67702107861468,0.701271940371005,0.24926,0.242813888888889,0.243686666666667,-0.00365944444444444
LOC116509867,NC_045546.1,3769293,3772841,0.3692,0.00461084596210768,0.707828124191731,0.358253333333333,0.377088888888889,0.39,0.00296222222222225
LOC116510063,NC_045546.1,399498,400622,0.207,0.00149469718813627,0.977383061559129,0.20096,0.225858333333333,0.250153333333333,0.000301666666666672
LOC116510561,NC_045546.1,59089885,59145594,0.0521,0.00910123856085952,0.659235488421266,0.0506666666666667,0.0408666666666667,0.02438,0.00334333333333334
LOC116510618,NC_045546.1,58981266,59083947,0.2329,1.18221336092583e-07,0.273520052232692,0.104553333333333,0.206519444444444,0.262333333333333,0.0230761111111111
LOC116511712,NC_045547.1,77416510,77446458,NA,NA,NA,0.5,0.44,0.375,NA
LOC116512145,NC_045541.1,83022568,83109855,0.3681,0.002102548545864,0.0131666708395683,0.326393333333333,0.367033333333333,0.36058,0.0235466666666667
LOC116512326,NC_045548.1,55935588,55939528,NA,NA,NA,NA,NA,NA,NA
LOC116512557,NC_045548.1,54446995,54454152,0.2882,0.0127574737819216,0.644165683487097,0.293946666666667,0.27945,0.25402,0.00546666666666662
LOC116512631,NC_045548.1,6323926,6325300,0.1517,0.00337791520885855,0.987234225013245,0.163973333333333,0.14635,0.128993333333333,-0.000133333333333319
LOC116512786,NC_045548.1,80366313,80369214,0.1902,0.396872560615553,0.931073334624952,0.186913333333333,0.183922222222222,0.179926666666667,0.000502222222222237
LOC116513013,NC_045541.1,89320080,89333769,0.1879,7.04714770118492e-07,0.8523917517865,0.133706666666667,0.187002777777778,0.234953333333333,0.00267277777777777
LOC116514227,NC_045550.1,26288053,26294530,0.1139,0.00131286163003413,0.436842281533335,0.135386666666667,0.118505555555556,0.08066,0.0104822222222222
LOC116514261,NC_045541.1,100771070,100816651,0.2403,0.839371547044569,0.966930050538636,0.2382,0.240113888888889,0.24122,0.00040388888888887
LOC116514334,NC_045550.1,21311766,21325877,0.186,0.00300126965405362,0.750534085382027,0.210826666666667,0.184166666666667,0.1477,0.00490333333333334
LOC116514694,NC_045551.1,41274693,41282695,0.1441,0.00778719674432258,0.739832273004651,0.146686666666667,0.137255555555556,0.123693333333333,0.00206555555555554
LOC116515182,NC_045552.1,6958345,6977329,0.3094,3.279074807817e-07,0.371485056650985,0.32998,0.298830555555556,0.246773333333333,0.0104538888888889
LOC116515224,NC_045552.1,21954615,21982503,0.1954,0.792574971732448,0.955896788907561,0.19648,0.198794444444444,0.200053333333333,0.000527777777777766
LOC116515748,NC_045552.1,419901,425513,0.2085,0.0127548334324525,0.70049632321368,0.2005,0.225511111111111,0.24174,0.0043911111111111
LOC116515749,NC_045552.1,402549,418388,0.188,0.0591732942559161,0.610934089031001,0.203893333333333,0.193305555555556,0.17058,0.0060688888888889
LOC116515779,NC_045552.1,59468617,59472370,0.3068,0.514482217253899,0.426931891690022,0.2942,0.297008333333333,0.284493333333333,0.00766166666666662
LOC116516211,NC_045552.1,9988958,9993328,0.3126,0.460352891609162,0.74864787238341,0.321893333333333,0.311191666666667,0.308633333333333,-0.0040716666666667
LOC116516217,NC_045552.1,37548307,37550835,0.0927,0.763313193133683,0.973290535128086,0.0920733333333333,0.093475,0.0953733333333333,-0.000248333333333337
LOC116516483,NC_045553.1,48103300,48127202,0.3312,0.118339838381453,0.283949266003401,0.31634,0.316647222222222,0.301486666666667,0.00773388888888893
LOC116516566,NC_045553.1,18462410,18468697,0.3547,1.31339336112827e-05,0.599457309474795,0.418493333333333,0.367269444444444,0.295,0.0105227777777778
LOC116516714,NC_045553.1,4097459,4101064,0.4766,0.186196730724004,0.811402735928198,0.491726666666667,0.480369444444444,0.473406666666667,-0.00219722222222224
LOC116516798,NC_045553.1,8134218,8146494,NA,NA,NA,NA,NA,NA,NA
LOC116517048,NC_045553.1,16412457,16415643,NA,NA,NA,NA,NA,NA,NA
LOC116517285,NC_045554.1,17352181,17381010,0.2144,0.00815640994549353,0.916472561490467,0.233973333333333,0.213852777777778,0.191346666666667,0.00119277777777779
LOC116517450,NC_045554.1,1803700,1815654,0.3201,0.00245994584799567,0.350607107357863,0.323193333333333,0.317722222222222,0.301046666666667,0.00560222222222223
LOC116517709,NC_045554.1,6799444,6814582,0.1743,0.43297396937951,0.942609617262653,0.154073333333333,0.158630555555556,0.16444,-0.000626111111111105
LOC116517973,NC_045554.1,47273043,47276904,0.3804,0.103398651703071,0.694698051050292,0.3818,0.386466666666667,0.39556,-0.00221333333333334
LOC116518020,NC_045554.1,40121544,40126624,0.1832,9.26034988612006e-05,0.72159998356887,0.208806666666667,0.187711111111111,0.160053333333333,0.0032811111111111
LOC116519097,NC_045556.1,5272984,5283825,0.2492,0.0188218115032911,0.199485495631917,0.259513333333333,0.257091666666667,0.24406,0.005305
LOC116519415,NC_045556.1,5393184,5401460,0.1809,0.0153050490856365,0.967250687721076,0.1775,0.198438888888889,0.220333333333333,-0.000477777777777771
LOC116519949,NC_045557.1,1462667,1481256,0.2471,0.124558081342004,0.434834684799615,0.246986666666667,0.244836111111111,0.23462,0.00403277777777777
LOC116520028,NC_045557.1,5480389,5484627,0.364,0.192645440905168,0.739851394977063,0.356906666666667,0.365211111111111,0.382293333333333,-0.00438888888888889
LOC116520753,NC_045558.1,31868699,31882815,0.2236,0.00016107985193313,0.933295820833505,0.306506666666667,0.243102777777778,0.18344,-0.00187055555555557
LOC116520881,NC_045558.1,89705647,89725159,0.2026,0.0268960135127838,0.892114586563152,0.233693333333333,0.201688888888889,0.163733333333333,0.00297555555555556
LOC116521616,NC_045558.1,123023699,123047376,0.4217,0.0571354085700251,0.882058052715353,0.44304,0.419272222222222,0.390073333333333,0.00271555555555553
LOC116522295,NC_045558.1,5847710,5944343,0.2169,0.000400980250939024,0.752039939324788,0.200886666666667,0.2189,0.24216,-0.00262333333333334
LOC116523000,NC_045558.1,116899066,116918708,0.4947,0.303183823672557,0.764702543081952,0.496413333333333,0.494686111111111,0.490846666666667,0.00105611111111109
LOC116523426,NW_022473751.1,16315,30636,0.4477,NA,NA,0.4784,0.434825,0.45415,NA
LOC116523446,NW_022473781.1,21929,30767,0.2784,0.0934437477224827,0.434898936379004,0.322266666666667,0.286075,0.238383333333333,0.0197305555555555
LOC116523587,NW_022473899.1,54472,64356,0.2601,0.674778338483515,0.95310574419206,0.277466666666667,0.269925,0.267683333333333,-0.00101944444444446
LTBP1,NC_045544.1,75720901,75937105,0.2403,0.00253112555373545,0.83351658256013,0.270946666666667,0.242938888888889,0.2092,0.00286555555555557
MAK,NC_045548.1,7870292,7905253,0.3019,0.0435637816354785,0.930278977393336,0.306653333333333,0.320991666666667,0.33716,-0.000914999999999999
MAP2K1,NC_045556.1,22743235,22795477,0.1482,0.21140623843753,0.490844875026744,0.14614,0.145080555555556,0.136313333333333,0.00385388888888888
MAP2K3,NC_045554.1,4717938,4778731,0.2637,0.000251836091403201,0.552546561604995,0.27198,0.256533333333333,0.2327,0.00419333333333333
MAP2K6,NC_045542.1,40369878,40490821,0.2251,0.889598705533259,0.817269678665401,0.231973333333333,0.228166666666667,0.22962,-0.00263000000000002
MAP3K1,NC_045543.1,121693300,121770410,0.1621,0.34676422249558,0.290660388839202,0.16854,0.171205555555556,0.158446666666667,0.00771222222222223
MAP3K11,NC_045557.1,9357203,9391243,0.307,0.144869411280491,0.929218279932821,0.30244,0.306958333333333,0.312393333333333,-0.000458333333333338
MAPK1,NC_045553.1,9071472,9089594,0.2428,0.563476296131873,0.436620660035727,0.253993333333333,0.265863888888889,0.261773333333333,0.00798055555555555
MAPK11,NC_045547.1,64415882,64460425,0.1846,0.0511857211996754,0.975073075708102,0.166153333333333,0.176991666666667,0.187333333333333,0.000248333333333323
MAPK13,NC_045545.1,47114596,47145436,0.3415,0.959820225030717,0.636496221101257,0.321893333333333,0.330244444444444,0.320546666666667,0.00902444444444445
MAPK8,NC_045551.1,71218361,71240583,0.1285,0.00365600188147617,0.885350443167451,0.110613333333333,0.122397222222222,0.135906666666667,-0.000862777777777768
MAPK9,NC_045542.1,89049444,89089094,0.2818,0.0157450687525739,0.718728108883436,0.28792,0.272077777777778,0.24732,0.00445777777777773
MAPKAPK2,NC_045545.1,55461929,55538600,0.1246,0.0556375570854581,0.837435963920162,0.12658,0.137333333333333,0.15162,-0.00176666666666667
MAPKAPK5,NC_045553.1,1083683,1097507,0.2451,0.00160237629530765,0.476729757538017,0.27842,0.263180555555556,0.2328,0.00757055555555558
MAX,NC_045541.1,66356537,66380027,0.1733,0.00449823943543934,0.941447974769071,0.183646666666667,0.169375,0.154033333333333,0.000535000000000008
MC1R,NC_045554.1,49215175,49216120,0.2241,0.046497967096535,0.97683604437189,0.340753333333333,0.277227777777778,0.211353333333333,0.00117444444444448
MDM2,NC_045547.1,48027451,48042974,0.2842,0.529741784393808,0.864621555525888,0.280313333333333,0.277933333333333,0.272566666666667,0.00149333333333329
MDM4,NC_045545.1,52978167,53010554,0.1623,0.462708545200568,0.826024006467052,0.18922,0.182780555555556,0.180086666666667,-0.00187277777777778
MITF,NC_045542.1,132520584,132703024,0.352,2.70527483135281e-07,0.0775632830592659,0.371993333333333,0.3328,0.21964,0.0369833333333333
MKNK1,NC_045545.1,38273402,38309476,0.2183,0.054401794456139,0.933813771900259,0.216773333333333,0.194741666666667,0.175166666666667,-0.00122833333333333
MKNK2,NC_045541.1,170638839,170690469,0.1955,0.220850731879373,0.794642805507125,0.203406666666667,0.193658333333333,0.188426666666667,-0.00225833333333333
MOK,NC_045541.1,147405811,147425113,0.1299,0.00122764623705503,0.505632382750659,0.164446666666667,0.146641666666667,0.110566666666667,0.009135
MPO,NC_045544.1,118634537,118669946,0.1205,0.0029964773644009,0.389303952344905,0.118373333333333,0.109388888888889,0.0888266666666667,0.00578888888888889
MPST,NC_045547.1,29055806,29061398,0.1814,0.00493403424547483,0.842814671305289,0.15518,0.176725,0.202766666666667,-0.00224833333333335
MRAS,NC_045541.1,56654969,56741032,0.2504,1.70903874267895e-05,0.391740392304072,0.270033333333333,0.246005555555556,0.204646666666667,0.00866555555555557
MSRA,NC_045544.1,111416456,111585387,0.2628,0.000176815737622572,0.144877697931706,0.308613333333333,0.291516666666667,0.23204,0.02119
MSRB3,NC_045547.1,49594196,49661938,0.2145,0.974870687391367,0.820026783083587,0.20976,0.211713888888889,0.210086666666667,0.00179055555555557
MTA2,NC_045557.1,6330996,6355765,0.3048,0.174096279228417,0.663889547185652,0.299793333333333,0.304180555555556,0.31554,-0.00348611111111108
MTOR,NC_045555.1,7204873,7287667,0.3228,0.292288865801542,0.838257177997273,0.29618,0.302530555555556,0.313493333333333,-0.00230611111111106
MYC,NC_045548.1,69065584,69071587,0.2747,0.122733968703624,0.164818679918282,0.260466666666667,0.273158333333333,0.2716,0.00712499999999999
NDUFA10,NC_045553.1,19813620,19822847,0.0488,0.0116395222002158,0.826822175053164,0.0447333333333333,0.0338416666666667,0.0196533333333333,0.00164833333333333
NDUFA11,NC_045541.1,166300839,166307546,0.1941,0.29965039825734,0.935819293288092,0.21446,0.208494444444444,0.20374,-0.000605555555555554
NDUFA13,NC_045541.1,171952171,171964618,0.1872,8.07475050625949e-06,0.665918362622739,0.213493333333333,0.183044444444444,0.144186666666667,0.00420444444444446
NDUFA2,NC_045546.1,69798253,69800461,0.2898,0.0130956114161616,0.811113512088319,0.25456,0.276361111111111,0.293,0.00258111111111109
NDUFA3,NC_045558.1,120008684,120015146,0.2538,1.15741069996861e-07,0.342711405840737,0.35222,0.23835,0.04228,0.0411
NDUFA4,NC_045558.1,2278157,2283756,0.2226,0.00161995513650097,0.917302114383658,0.170313333333333,0.200138888888889,0.23292,-0.00147777777777777
NDUFA5,NC_045547.1,61934189,61940369,0.4141,0.40990942359985,0.753295320061492,0.38908,0.372552777777778,0.367526666666667,-0.00575055555555554
NDUFA7,NW_022473609.1,29445,38040,0.2387,0.410826837020393,0.994469629120065,0.231433333333333,0.236733333333333,0.23945,-4.44444444444581e-05
NDUFAF1,NC_045541.1,117677659,117689387,0.1074,0.422678322914653,0.84208843006907,0.110733333333333,0.117611111111111,0.131053333333333,-0.00328222222222223
NDUFB1,NC_045541.1,140828363,140832332,0.2155,0.655617378853381,0.422113799405971,0.23208,0.241105555555556,0.23684,0.00664555555555554
NDUFB10,NC_045554.1,21852477,21855605,0.0784,0.0083562003534949,0.817739322821555,0.0405466666666667,0.0693166666666667,0.0915666666666667,0.00326
NDUFB11,NC_045542.1,12714830,12766025,0.2618,0.00856895183957586,0.657760775866797,0.267926666666667,0.243969444444444,0.207033333333333,0.00648944444444444
NDUFB2,NC_045547.1,21874376,21878460,0.0335,0.834520097103615,0.960645097277963,0.0426333333333333,0.043825,0.0461666666666667,-0.000574999999999999
NDUFB3,NC_045541.1,8245864,8254340,0.1238,0.485412150660611,0.912783826689646,0.12458,0.126980555555556,0.130786666666667,-0.000702777777777802
NDUFB4,NC_045543.1,38276126,38282371,0.1973,0.249279983600273,0.756649132536929,0.213113333333333,0.207736111111111,0.196046666666667,0.00315611111111111
NDUFB5,NC_045550.1,60481485,60489488,0.2153,0.0693930101800606,0.753929842857526,0.20202,0.215058333333333,0.223366666666667,0.00236499999999998
NDUFB6,NC_045543.1,60318894,60330100,0.3793,2.47718757694662e-11,0.0153245446024768,0.364793333333333,0.316744444444444,0.0970666666666667,0.0858144444444444
NDUFB7,NC_045542.1,65285676,65291857,0.1781,0.00100281708847868,0.852805398611641,0.204206666666667,0.173311111111111,0.146806666666667,-0.00219555555555556
NDUFB9,NC_045548.1,67199710,67208013,0.1429,0.0764676031744849,0.875405950851541,0.158986666666667,0.143891666666667,0.131973333333333,-0.00158833333333333
NDUFS1,NC_045541.1,4677652,4720243,0.2209,0.0036044262299922,0.884834575253088,0.21102,0.228808333333333,0.244253333333333,0.00117166666666668
NDUFS2,NC_045557.1,5463386,5480255,0.2289,0.959389470633308,0.805449596478755,0.238666666666667,0.236530555555556,0.238106666666667,-0.00185611111111111
NDUFS3,NC_045541.1,110221834,110236057,0.202,0.280370696098548,0.127323617779107,0.19592,0.206836111111111,0.177033333333333,0.0203594444444445
NDUFS4,NC_045543.1,123242728,123282804,0.1395,1.07004218750628e-05,0.898107060320521,0.158,0.127316666666667,0.0940866666666667,0.00127333333333332
NDUFS5,NC_045552.1,30616987,30620349,NA,NA,NA,NA,NA,NA,NA
NDUFS6,NC_045546.1,77305359,77311071,0.2808,0.00102678416494732,0.839883545986346,0.300113333333333,0.273286111111111,0.241306666666667,0.00257611111111111
NDUFS8,NC_045541.1,66450440,66465211,0.2937,0.000378949265965811,0.998159292660829,0.263373333333333,0.288930555555556,0.31444,2.38888888889344e-05
NDUFV1,NC_045541.1,69294488,69299998,0.3788,0.337011746496762,0.865721111197906,0.380713333333333,0.375258333333333,0.371773333333333,-0.000985000000000014
NDUFV2,NC_045548.1,25037255,25053578,0.3594,0.485548815381102,0.522997925343545,0.367273333333333,0.360594444444444,0.360953333333333,-0.0035188888888889
NDUFV3,NC_045546.1,56321323,56333543,0.458,1.18571394731885e-09,0.0862793810635648,0.48148,0.414047222222222,0.233426666666667,0.0565938888888889
NFKB1,NC_045549.1,21785778,21866873,0.14,0.00440152068871707,0.935930603278132,0.15378,0.135430555555556,0.118453333333333,-0.00068611111111111
NFKBIA,NC_045541.1,128347484,128352147,0.2202,0.379444244549722,0.00471755398829291,0.204506666666667,0.229358333333333,0.192486666666667,0.0308616666666666
NFKBIB,NC_045552.1,2095672,2104406,0.2826,0.964869395093933,0.711337990938513,0.30064,0.297605555555556,0.300186666666667,-0.00280777777777774
NR0B2,NC_045552.1,18271410,18274315,0.1943,0.000465610893114645,0.444884892656516,0.180193333333333,0.243461111111111,0.275766666666667,0.0154811111111111
NR4A1,NC_045542.1,28294691,28339866,0.2861,1.22330349329278e-05,0.00973538125389112,0.292333333333333,0.288013888888889,0.231566666666667,0.0260638888888889
NR4A2,NC_045541.1,34952046,34963239,0.0986,0.0130201978526891,0.938002049138954,0.08942,0.145297222222222,0.196633333333333,0.00227055555555555
NR4A3,NC_045558.1,82102224,82125409,0.2743,0.307817244653622,0.269926544101056,0.278153333333333,0.311933333333333,0.304206666666667,0.0207533333333333
NRAS,NC_045545.1,61950623,61960076,0.3582,0.000113686690278516,0.000433394869704049,0.297413333333333,0.363655555555556,0.36164,0.0341288888888889
NRF1,NW_022473730.1,4665,40324,0.1722,0.0450689236109297,0.496825713331459,0.133233333333333,0.16725,0.202083333333333,-0.0118833333333333
NUAK1,NC_045547.1,25247867,25309079,0.1907,4.93713779967345e-06,0.738307146223495,0.22848,0.178772222222222,0.117233333333333,0.00591555555555556
NUAK2,NC_045545.1,54090049,54111232,0.1815,0.0156615741186832,0.933702035180494,0.216326666666667,0.201736111111111,0.18568,0.000732777777777777
NUP88,NC_045544.1,122767228,122787174,0.2074,0.0491573530363076,0.915371484298893,0.207273333333333,0.195655555555556,0.18214,0.000948888888888888
OCA2,NC_045551.1,31253402,31450074,NA,NA,NA,NA,NA,NA,NA
PDK2,NC_045558.1,104306189,104345243,0.1574,0.0263804646668238,0.847687863905623,0.160306666666667,0.180197222222222,0.19568,0.00220388888888889
PDK3,NC_045551.1,17250731,17348708,0.2994,0.0341136659505483,0.94686846831199,0.289366666666667,0.300622222222222,0.310993333333333,0.000442222222222233
PDK4,NC_045558.1,31955467,31968343,0.2194,0.0509454282449892,0.910559844233064,0.203306666666667,0.238936111111111,0.269686666666667,0.00243944444444444
PDPK1,NC_045554.1,21275095,21313242,0.1576,6.40597477606566e-08,0.777159663384522,0.189553333333333,0.152863888888889,0.109966666666667,0.00310388888888888
PGK1,NC_045552.1,37394430,37415101,0.1462,1.07486228916299e-09,0.743526800215326,0.103353333333333,0.141652777777778,0.174253333333333,0.00284944444444443
PIK3C2A,NC_045541.1,83259130,83316287,0.1881,1.24576352775491e-05,0.71208916927368,0.2029,0.164533333333333,0.11702,0.00457333333333335
PIK3C2B,NC_045545.1,52853706,52964169,0.2051,0.68790934865613,0.976189460011589,0.221486666666667,0.218472222222222,0.216013333333333,-0.000277777777777766
PIK3CA,NC_045550.1,60206996,60250578,0.4119,0.662738454100965,0.564131235862238,0.40152,0.399472222222222,0.406173333333333,-0.00437444444444446
PIK3CB,NC_045550.1,34487265,34569141,0.1583,0.12781273769338,0.97888334966502,0.18358,0.1578,0.133233333333333,-0.000606666666666672
PIK3CD,NC_045555.1,6007188,6055587,0.2376,0.870400713859389,0.710659282571457,0.255,0.250122222222222,0.25968,-0.00721777777777777
PIK3R1,NC_045543.1,116808097,116871157,0.2978,0.152117784231563,0.0182529152499603,0.267486666666667,0.295352777777778,0.281833333333333,0.0206927777777778
PIK3R2,NC_045541.1,165596196,165645817,0.1545,0.0210779441744331,0.768826121214314,0.163306666666667,0.155825,0.145066666666667,0.00163833333333332
PIK3R5,NC_045542.1,62912035,62969537,0.2969,0.196912048230489,0.862997304151275,0.306746666666667,0.318441666666667,0.335233333333333,-0.00254833333333332
PIK3R6,NC_045542.1,62975883,63009270,0.3558,0.316901142682155,0.609097308604941,0.365006666666667,0.366741666666667,0.37764,-0.00458166666666665
PLA2G4A,NC_045551.1,3606659,3684985,0.3133,0.164959434687965,0.893331702621277,0.32146,0.315388888888889,0.307466666666667,0.000925555555555568
PMEL,NC_045542.1,36558826,36575519,NA,NA,NA,NA,NA,NA,NA
PODN,NC_045545.1,33441998,33464822,0.0887,0.0862117477196032,0.929528152477793,0.05294,0.0668138888888889,0.0828066666666667,-0.00105944444444443
POMC,NC_045544.1,114460473,114464283,NA,NA,NA,NA,NA,NA,NA
PPARA,NC_045547.1,73961252,74008911,0.3456,0.000419071618131212,0.494809260274851,0.346906666666667,0.321955555555556,0.277153333333333,0.00992555555555552
PPARD,NC_045545.1,50366967,50418617,0.34,0.0423046828064962,0.958597585833867,0.348926666666667,0.337461111111111,0.326793333333333,-0.000398888888888893
PPM1D,NC_045544.1,137211190,137248552,0.4012,0.652150782211402,0.591869172340755,0.4032,0.401947222222222,0.407353333333333,-0.00332944444444444
PRDX1,NC_045545.1,41310774,41318938,0.0523,0.00011677851750758,0.664230715683467,0.0116066666666667,0.0500166666666667,0.101053333333333,-0.00631333333333333
PRDX2,NC_045542.1,67330740,67344583,0.0452,0.00817498817802878,0.9812314767413,0.0233733333333333,0.0401416666666667,0.05732,-0.000205000000000004
PRDX3,NC_045550.1,10982922,10996385,0.225,0.000532168111099178,0.815359118851229,0.212666666666667,0.2342,0.251946666666667,0.00189333333333333
PRDX4,NC_045551.1,17708462,17716753,NA,NA,NA,NA,NA,NA,NA
PRDX5,NW_022473598.1,5363,17244,0.3892,0.843082038909782,0.46062647204631,0.385166666666667,0.400933333333333,0.391166666666667,0.0117666666666666
PRDX6,NC_045551.1,11997739,12015594,0.1724,0.000959687671320916,0.515355092806381,0.155726666666667,0.171455555555556,0.179973333333333,0.00360555555555556
PRKDC,NC_045548.1,36295762,36421690,0.1275,0.503148407211491,0.455804587871196,0.12396,0.125688888888889,0.1182,0.00460888888888888
PRKG2,NC_045549.1,10018132,10122392,0.1734,0.31185287176257,0.998533159382997,0.169986666666667,0.179838888888889,0.18974,-2.44444444444381e-05
PSAT1,NC_045543.1,80625257,80652390,0.261,1.58504784598659e-10,0.18040210184602,0.105466666666667,0.268716666666667,0.349226666666667,0.04137
PTEN,NC_045555.1,42970557,43035925,0.1834,0.00119247936432573,0.693398104476358,0.233,0.21235,0.18306,0.00432000000000002
PXDN,NC_045543.1,718410,798190,0.2878,0.315684934646564,0.182500342064123,0.28058,0.297858333333333,0.292193333333333,0.0114716666666667
PXMP2,NC_045553.1,14731491,14742612,0.1764,0.605769984629306,0.952258853500546,0.183493333333333,0.187372222222222,0.192713333333333,-0.000731111111111127
PYROXD1,NC_045547.1,10380902,10397732,0.3097,0.740049798516361,0.804101918590734,0.320426666666667,0.311916666666667,0.31204,-0.00431666666666664
PYROXD2,NC_045550.1,25919165,25931512,0.2955,4.32809441832831e-06,0.0170424607604558,0.318646666666667,0.307766666666667,0.228053333333333,0.0344166666666667
RAB3IP,NC_045547.1,47753981,47783958,0.4223,0.0210773535355069,0.398311846457694,0.426333333333333,0.419058333333333,0.39542,0.00818166666666664
RAD51,NC_045541.1,118430697,118441466,0.3262,3.77859555799757e-07,0.56726912194727,0.23786,0.321213888888889,0.38088,0.0118438888888889
RAD51B,NC_045541.1,111552087,111966535,0.4077,0.000522697182124542,0.308840055439301,0.38844,0.365316666666667,0.294726666666667,0.0237333333333333
RAD51C,NC_045544.1,137968221,138019047,0.2539,0.00698664916717564,0.988007294211747,0.2307,0.254219444444444,0.277373333333333,0.000182777777777754
RAD54B,NC_045548.1,53653379,53696736,0.2493,9.37631077291557e-06,0.48883799588521,0.2803,0.239033333333333,0.173533333333333,0.0121166666666667
RAF1,NC_045542.1,109442707,109500604,0.1452,0.406930051710584,0.987656485001277,0.12782,0.131972222222222,0.13634,-0.00010777777777779
RASA1,NC_045543.1,109203790,109252562,0.1538,0.000551905519110846,0.864701557877376,0.0778666666666667,0.156025,0.224573333333333,0.004805
RBM15B,NC_045542.1,103731498,103735778,0.2104,0.352733664865121,0.761963108679771,0.215106666666667,0.219711111111111,0.23178,-0.00373222222222222
RBMX,NC_045552.1,57104939,57114934,0.1488,0.60366843238884,0.761907422455787,0.18908,0.187972222222222,0.1778,0.00453222222222222
RFX5,NC_045557.1,1894835,1902664,0.282,0.394875518987781,0.47286191187018,0.283593333333333,0.283341666666667,0.287573333333333,-0.0022416666666667
RHEB,NC_045558.1,8980554,9011531,0.0728,0.838530423851219,0.994845037737226,0.04658,0.0447972222222222,0.0428533333333333,8.05555555555559e-05
RIT1,NC_045557.1,5408090,5416034,0.4301,0.00573852016774626,0.00684601342769393,0.405886666666667,0.428411111111111,0.4243,0.0133177777777778
RNH1,NC_045541.1,75584582,75605590,0.1074,0.913323614075151,0.96762957596973,0.13034,0.131722222222222,0.132146666666667,0.00047888888888889
RORC,NC_045557.1,3749241,3756948,0.2563,0.00340051500588199,0.360851130789822,0.232506666666667,0.256680555555556,0.267113333333333,0.00687055555555557
RPS6KA1,NC_045552.1,18513405,18634783,0.2899,0.00142472104185606,0.824532503352215,0.317946666666667,0.291811111111111,0.260426666666667,0.00262444444444448
RPS6KA3,NC_045551.1,19153938,19233066,0.2385,2.05296412570827e-05,0.64731736052319,0.18948,0.290658333333333,0.36408,0.0138783333333333
RPS6KA4,NW_022473598.1,63562,92977,0.2316,0.140923373338308,0.881670385797161,0.248933333333333,0.232533333333333,0.2215,0.00188888888888888
RPS6KA5,NC_045541.1,139960942,139990614,0.1637,0.00319078976732233,0.977382518810071,0.12512,0.172527777777778,0.221173333333333,-0.000618888888888891
RPS6KA6,NC_045552.1,44489613,44556784,0.2028,0.962438681960614,0.883918384669862,0.181833333333333,0.180241666666667,0.18124,-0.00129500000000002
RPS6KB1,NC_045544.1,135617126,135650931,0.1827,0.00080818702075444,0.77127205728254,0.1926,0.175308333333333,0.161726666666667,-0.001855
RPS6KB2,NC_045541.1,66639203,66650977,0.1515,0.655192445574892,0.865790080972552,0.175133333333333,0.169066666666667,0.167246666666667,-0.00212333333333334
RPTOR,NC_045542.1,46106034,46544388,0.3089,0.537604385054707,0.600024390162552,0.318173333333333,0.314036111111111,0.314393333333333,-0.00224722222222223
RRM2B,NC_045548.1,56812986,56828645,0.3018,2.64529678691477e-05,0.193828058923291,0.345633333333333,0.317405555555556,0.252246666666667,0.0184655555555556
RUVBL1,NC_045542.1,116951936,116976901,0.327,0.0123483941078752,0.993791092033729,0.30056,0.319816666666667,0.338906666666667,8.33333333333797e-05
SDHA,NC_045558.1,83290806,83338650,NA,NA,NA,NA,NA,NA,NA
SDHB,NC_045555.1,7599488,7608503,0.2655,0.0369516349086086,0.999730939702196,0.23618,0.251316666666667,0.266446666666667,3.33333333335517e-06
SDHD,NC_045553.1,48073716,48083134,0.3695,0.000374009451427599,0.293254256491337,0.371833333333333,0.365191666666667,0.347473333333333,0.00553833333333337
SIRT1,NC_045555.1,21499344,21519272,0.2205,0.111185415939013,0.297621638163972,0.22414,0.224191666666667,0.210526666666667,0.00685833333333336
SIRT2,NC_045552.1,2104847,2117076,0.2798,0.0100714681566655,0.988501059630886,0.294406666666667,0.283755555555556,0.273273333333333,-8.44444444444425e-05
SIRT3,NC_045541.1,72495530,72509176,0.1613,0.0281198427578149,0.789201504468782,0.20022,0.181316666666667,0.155193333333333,0.00361
SIRT4,NC_045553.1,16207863,16219377,0.1031,0.0646780295982993,0.981549439291078,0.0671933333333333,0.0828972222222222,0.09916,-0.000279444444444443
SIRT5,NC_045548.1,10929095,10943684,0.0997,0.766036578982357,0.993899692374954,0.105573333333333,0.107875,0.11002,7.8333333333333e-05
SIRT6,NC_045541.1,180393527,180418543,0.1787,0.0158341751285504,0.882654830352557,0.196326666666667,0.185272222222222,0.175946666666667,-0.000864444444444445
SIRT7,NC_045542.1,49140642,49166303,0.1084,0.103040351493899,0.876718773921321,0.10294,0.110263888888889,0.119786666666667,-0.00109944444444444
SLC20A1,NC_045553.1,20284716,20293724,0.2626,0.221418465255336,0.948630792332006,0.259746666666667,0.251736111111111,0.242446666666667,0.000639444444444415
SLC25A28,NC_045550.1,26259342,26263919,0.1425,0.135039853384905,0.988059763608854,0.157833333333333,0.143155555555556,0.128886666666667,-0.000204444444444424
SLC25A37,NC_045553.1,27767622,27819226,0.0912,0.0468969012754756,0.961455483884569,0.109326666666667,0.0991777777777778,0.0883133333333333,0.000357777777777776
SLC6A12,NC_045547.1,17117517,17197177,0.1355,0.00155284251412059,0.49050068548749,0.158626666666667,0.143077777777778,0.11386,0.00683444444444445
SMAD6,NC_045556.1,22917881,22974981,0.0924,0.0679458649493455,0.863354335784002,0.10434,0.121363888888889,0.13438,0.00200388888888889
SMAD7,NC_045543.1,139736832,139794226,0.2422,0.0794414032509785,0.755227699389254,0.228573333333333,0.248175,0.2599,0.00393833333333335
SMG6,NC_045544.1,142303558,142369289,0.2658,0.000975887835463927,0.601164255999225,0.240213333333333,0.262316666666667,0.276386666666667,0.00401666666666667
SNRPA1,NC_045556.1,16269376,16277989,0.3866,0.0856628679768929,0.558795997420876,0.373993333333333,0.380811111111111,0.399126666666667,-0.00574888888888891
SOD1,NC_045546.1,50805425,50813527,NA,NA,NA,NA,NA,NA,NA
SOD2,NC_045544.1,58634218,58644474,0.3703,0.0297894796600305,0.246276759624128,0.35922,0.348533333333333,0.28684,0.0255033333333333
SOX10,NC_045547.1,30459632,30483595,0.3994,0.0257209425829114,0.727076541618333,0.436093333333333,0.375736666666667,0.31998,-0.0139113333333333
SOX4,NC_045548.1,12502775,12507109,0.2077,0.712630585132668,0.905308296011255,0.2099,0.215113888888889,0.217126666666667,0.00160055555555555
SOX9,NC_045542.1,42021278,42048058,0.1832,0.00701613692300239,0.622415252358279,0.19428,0.178972222222222,0.15284,0.00541222222222223
SPATA18,NC_045549.1,67590202,67626213,0.3631,0.276936442524583,0.672428355761584,0.354973333333333,0.356919444444444,0.363753333333333,-0.00244388888888886
SPATA20,NC_045542.1,51187917,51241667,0.2943,0.0362034704725953,0.271152169905148,0.23818,0.305455555555556,0.311326666666667,0.0307022222222222
SPATA22,NC_045544.1,139211603,139223592,0.3856,0.877448973545949,0.88757213734262,0.38514,0.385263888888889,0.38368,0.000853888888888932
SV2A,NC_045557.1,1045941,1054510,NA,NA,NA,NA,NA,NA,NA
SYCP2,NC_045545.1,86910991,86922277,0.0294,0.00082490751657895,0.97777602391634,0,0.0176,0.0348266666666667,0.000186666666666668
TBX18,NC_045544.1,18733030,18759682,NA,NA,NA,NA,NA,NA,NA
TERT,NC_045546.1,77517130,77561430,0.2229,0.342016205094247,0.806006434192871,0.222986666666667,0.228172222222222,0.23944,-0.00304111111111111
TEX261,NC_045549.1,1126145,1136503,0.2458,0.792437422780228,0.795885820538141,0.258993333333333,0.256041666666667,0.256393333333333,-0.00165166666666666
TMEM184A,NC_045554.1,2358650,2376466,0.2627,0.00347494215572668,0.571454709473322,0.269866666666667,0.259516666666667,0.241806666666667,0.00368000000000002
TPM1,NC_045556.1,671834,692620,0.2598,0.74089712406701,0.924152694487978,0.26538,0.263286111111111,0.262346666666667,-0.000577222222222229
TRAP1,NC_045554.1,41069,48930,0.1314,0.783607275561258,0.575179254746568,0.12866,0.131163888888889,0.126153333333333,0.00375722222222222
TRPC6,NC_045546.1,14776937,14866688,NA,NA,NA,NA,NA,NA,NA
TSC1,NC_045556.1,33964652,34006230,0.3333,0.0116949356571922,0.646349363338222,0.309673333333333,0.325469444444444,0.335226666666667,0.00301944444444441
TSC2,NC_045554.1,21430962,21497065,0.137,0.0845704537592072,0.631856392176828,0.137433333333333,0.130416666666667,0.11414,0.00463
TSHB,NC_045545.1,62155614,62159753,NA,NA,NA,NA,NA,NA,NA
TSHR,NC_045541.1,135259579,135299383,0.1485,0.000353568924100331,0.936353039070747,0.179486666666667,0.14235,0.107486666666667,-0.00113666666666667
TXN2,NC_045547.1,28611605,28628204,0.171,0.0588569965057999,0.976690243895625,0.148486666666667,0.157830555555556,0.166753333333333,0.000210555555555547
TYRP1,NC_045543.1,71213337,71232140,0.0328,0.857254497652672,0.956305947451055,0.0454666666666667,0.0465944444444444,0.0493333333333333,-0.000805555555555552
USP24,NC_045545.1,31450839,31541678,0.1976,0.119896109278531,0.990801331438053,0.18532,0.197913888888889,0.210253333333333,0.000127222222222223
VHL,NC_045542.1,122495983,122503014,0.371,0.000544437878453883,3.45899704927166e-05,0.316853333333333,0.379366666666667,0.363993333333333,0.0389433333333333
VIPR1,NC_045558.1,4786194,4818310,0.2061,0.155064901996628,0.105785051343538,0.206846666666667,0.210166666666667,0.18356,0.0149633333333333
WDR12,NC_045541.1,7262402,7294038,0.261,0.640526471612838,0.468247357825374,0.2491,0.25325,0.242313333333333,0.00754333333333332
WIPI2,NW_022473647.1,15785,42135,0.3698,NA,NA,0.3242,0.363416666666667,0.386466666666667,NA
WRN,NC_045543.1,44805637,44878660,0.2648,0.000265503067220729,0.834631660122143,0.289173333333333,0.201802777777778,0.0990866666666667,0.00767277777777778
XRCC2,NC_045558.1,9543105,9551339,0.2057,0.548757510287052,0.937479531222203,0.2174,0.215252777777778,0.212106666666667,0.000499444444444441
XRCC3,NC_045541.1,148997494,149011978,0.3266,0.0148185401127889,0.00147790750496596,0.317426666666667,0.334897222222222,0.274326666666667,0.0390205555555556
YWHAB,NC_045545.1,75096115,75112826,0.1867,9.39048592291125e-05,0.887211651499406,0.21262,0.188308333333333,0.161613333333333,0.00119166666666665
YWHAE,NC_045544.1,142687821,142702733,0.2972,4.44796202536799e-05,0.438059231514588,0.26936,0.292597222222222,0.306333333333333,0.00475055555555554
YWHAG,NC_045544.1,121763984,121783914,0.26,0.410566316984809,0.98844997624943,0.268226666666667,0.262463888888889,0.256973333333333,-0.000136111111111115
YWHAQ,NC_045543.1,4962625,4975020,NA,NA,NA,NA,NA,NA,NA
