gene2,scaffold.x,start.x,end.x,Fst_Meadow_Lake,within,between,l_v_l_mean,l_v_m_mean,m_v_m_mean,mean_diff
AACS,NC_045553.1,14206605,14256726,0.0373,0.890307475709369,0.0422162296303062,0.0165133333333333,0.0391666666666667,0.01482,0.0235
ADRB2,NC_045542.1,76394605,76463823,-0.0011,0.614805768994347,0.532047468505548,0.02484,0.0213527777777778,0.0351133333333333,-0.00862388888888889
AIFM1,NC_045552.1,47589958,47617405,0.0038,0.560838589490067,0.574565437023537,0.02004,0.0194166666666667,0.0269,-0.00405333333333334
AIFM2,NC_045555.1,13454546,13466706,0.0065,0.0187703635896634,0.942466798837785,0.03182,0.01975,0.00666666666666667,0.000506666666666666
AKT1,NC_045541.1,151083181,151180361,0.012,0.149595275908956,0.266947680448709,0.0107933333333333,0.0115333333333333,-0.00705333333333333,0.00966333333333333
AKT2,NC_045552.1,242902,252080,0.0248,0.692921066548728,0.161612492821058,0.0139733333333333,0.02725,0.00862,0.0159533333333333
AKT3,NC_045544.1,71035057,71205040,0.0041,0.0126584437108818,0.333586441677146,0.00145333333333333,0.0333833333333333,0.0401133333333333,0.0126
ALCAM,NC_045546.1,34350297,34478971,0.0738,0.499476927167912,1.64341011735e-11,-0.00789333333333333,0.0470333333333333,-0.00379333333333333,0.0528766666666667
ALPK1,NC_045549.1,26291217,26349280,0.0043,0.0885696683381662,0.87230606549199,0.02584,0.0171583333333333,0.00605333333333333,0.00121166666666667
AMDHD1,NC_045547.1,37666474,37678064,0.044,0.0785203365653728,0.0790455319904774,0.0397466666666667,0.0525194444444444,0.01052,0.0273861111111111
ARNT,NC_045557.1,1721974,1737863,-0.0138,0.196551780024511,0.29321537184354,0.202013333333333,0.0905916666666667,0.102893333333333,-0.0618616666666667
ATF2,NC_045541.1,23631386,23679141,3e-04,0.69916093315711,0.78081666898,0.133806666666667,0.105383333333333,0.1041,-0.01357
ATP5F1A,NC_045543.1,142013791,142028579,0.0061,0.352493425191667,0.178727280334602,0.00645333333333333,0.0193,0.0132133333333333,0.00946666666666667
ATP5F1B,NC_045542.1,28179118,28186474,0.037,0.278749258728181,0.00108643847957869,0.0206266666666667,0.0480611111111111,0.0128333333333333,0.0313311111111111
ATP5F1C,NC_045547.1,5603677,5620049,0.0062,0.157720679640111,0.679660599060224,0.0171133333333333,0.00948055555555556,0.00594666666666667,-0.00204944444444444
ATP5F1D,NC_045541.1,175081193,175091426,0.0134,0.465064984192296,0.179436674719223,0.0232866666666667,0.0316416666666667,0.0176866666666667,0.011155
ATP5F1E,NC_045545.1,86268313,86273824,0.0081,0.882958086917555,0.914378624677644,0.01174,0.0142222222222222,0.01436,0.00117222222222222
ATP5MC2,NC_045542.1,22459222,22471798,2e-04,0.0205853273345982,0.819269617350576,0.0262066666666667,0.0757916666666667,0.112226666666667,0.00657500000000001
ATP5ME,NC_045543.1,49250743,49255584,-0.0024,0.82041449478783,0.718167799864075,0.0865,0.06655,0.074025,-0.0128214285714286
ATP5MF,NC_045554.1,4627104,4630500,0.0075,0.144937224023883,0.120484062955235,0.0156533333333333,0.0347361111111111,0.0302666666666667,0.0117761111111111
ATP5PB,NC_045545.1,58431365,58444921,0.0076,0.906216621686749,0.0962012057385612,0.000186666666666667,0.0122111111111111,-0.000626666666666667,0.0124311111111111
ATP5PD,NC_045542.1,52924691,52931199,4e-04,0.0681176380882789,0.843410166271199,0.0108916666666667,0.0338966666666667,0.0478642857142857,0.00309666666666666
ATP6AP1,NC_045542.1,9510780,9528946,0.0037,0.299198338587335,0.925673663716511,0.01374,0.0105944444444444,0.00662666666666667,0.00041111111111111
ATP6V1A,NC_045543.1,38605356,38637546,0.0012,0.795846224410077,0.600463120186338,0.0298866666666667,0.0222305555555556,0.0256866666666667,-0.00555611111111111
ATP6V1B2,NC_045553.1,34564841,34583588,0.0085,0.2350276636819,0.824791512231879,0.00144666666666667,-0.0117083333333333,-0.0195333333333333,-0.002665
ATP6V1C1,NC_045548.1,56988198,57025562,0.0203,0.0757648596783376,0.220414929031417,0.0150133333333333,0.0428277777777778,0.04256,0.0140411111111111
ATP6V1E1,NC_045547.1,14662149,14674540,0.0163,0.97619678960245,0.735480375237715,0.0126533333333333,0.0152916666666667,0.0129533333333333,0.00248833333333333
ATP6V1H,NC_045548.1,38891196,38910014,0.002,0.177190791884932,0.842845615876573,0.00448,0.0142,0.0205266666666667,0.00169666666666667
AVPR2,NC_045542.1,7914403,7919720,0.0038,0.0254031320542038,0.985746923142719,-0.00212,0.0605111111111111,0.12438,-0.000618888888888884
B3GAT3,NC_045557.1,6271786,6280201,-0.003,0.0306364610406275,0.978003377771764,-0.03796,-0.00592777777777778,0.0272066666666667,-0.00055111111111111
BTBD16,NC_045550.1,8677753,8734744,0.0062,0.352905620397074,0.367708566008867,-0.0710333333333333,-0.0412444444444444,-0.0455533333333333,0.0170488888888889
CA5A,NC_045554.1,47994229,48011053,0.0129,0.396128152144049,0.358956539595699,0.0185066666666667,0.0198166666666667,0.0127733333333333,0.00417666666666667
CASP3,NC_045549.1,48814636,48829477,0.0309,0.501088370548415,0.124735319656887,-0.0281533333333333,-0.00678333333333333,-0.0460866666666667,0.0303366666666667
CASP9,NC_045555.1,188223,191546,-2e-04,0.184457555282935,0.778967468829117,0.0158666666666667,-0.0087,-0.0232333333333333,-0.00501666666666667
CATSPER1,NC_045557.1,8957182,8964303,NA,NA,NA,NA,NA,NA,NA
CATSPER2,NC_045548.1,75263269,75264739,0.0019,0.091016396082889,0.691294025009101,0.00838,-0.0357972222222222,-0.112193333333333,0.0161094444444444
CATSPER3,NC_045542.1,85985786,86002071,0.027,0.377851620488286,0.246410815749962,0.02604,0.0316944444444444,0.01252,0.0124144444444444
CATSPER4,NC_045552.1,16116075,16164788,-0.0014,0.138633307743359,0.845841042640007,-8e-04,-0.0506444444444444,-0.0852533333333333,-0.00761777777777778
CATSPERG,NC_045552.1,2866949,2920727,0.0045,0.145507069354132,0.645824891684202,0.0406733333333333,0.0556722222222222,0.0907066666666667,-0.0100177777777778
CC2D1A,NC_045542.1,4181053,4257445,0.0078,0.000710784164595807,0.550087161086534,0.00449333333333333,0.0261277777777778,0.0399666666666667,0.00389777777777778
CCKAR,NC_045549.1,68399777,68427029,-8e-04,0.0100699190642503,0.702048844990649,0.01148,0.0218305555555556,0.03724,-0.00252944444444445
CCN2,NC_045544.1,42953499,42959286,-7e-04,0.00939271345185493,0.587437554593092,0.0541933333333333,0.0169166666666667,-0.00552,-0.00742
CCND1,NC_045541.1,99316894,99339972,0.0183,0.283289521242186,0.912519292080893,0.0224266666666667,0.0298527777777778,0.0398133333333333,-0.00126722222222222
CCS,NC_045557.1,9237017,9246390,0.0394,0.320676414677805,0.0846647605047224,0.0138933333333333,0.0572805555555556,0.0337933333333333,0.0334372222222222
CD74,NC_045542.1,91168637,91196013,0.0019,0.00171871852954792,0.862051624572384,-0.012,0.0021,0.0181,-0.00095
CDK1,NC_045555.1,28553926,28564304,0.0218,0.0812951337465503,0.90255822239887,0.02794,0.0654138888888889,0.0963866666666667,0.00325055555555556
CDKN1A,NC_045545.1,47896244,47905926,-5e-04,0.169802344961143,0.910674038321163,0.0353133333333333,0.0221722222222222,0.01138,-0.00117444444444445
CFH,NC_045545.1,259128,351600,2e-04,0.176174970884121,0.755048035586015,-0.00024,0.00318888888888889,0.00927333333333333,-0.00132777777777778
CHEK1,NC_045553.1,37419384,37433319,0.0078,0.572577728395724,0.579963289474975,0.0597533333333333,0.0429027777777778,0.0451733333333333,-0.00956055555555556
CHEK2,NC_045553.1,31101,38024,-0.0021,0.0139400153105155,0.574585571163938,0.01208,-0.00235833333333333,-0.0106866666666667,-0.003055
CREBBP,NC_045554.1,28,31460,0.0198,0.0152412715030237,0.0858205877565757,0.0326133333333333,0.03315,0.00769333333333333,0.0129966666666667
CTSL,NC_045543.1,84641238,84652874,0.0276,0.210822712441956,0.00370883515856016,0.01948,0.0500333333333333,0.0318733333333333,0.0243566666666667
D2HGDH,NC_045550.1,32707353,32720172,0.1314,0.924589838100346,0.00164019288234765,0.0448733333333333,0.100666666666667,0.0425733333333333,0.0569433333333333
DDB2,NC_045541.1,109679738,109721802,0.0765,0.236218243934293,0.0218853091300847,0.0428,0.0708722222222222,0.01328,0.0428322222222222
DDX4,NC_045543.1,122241130,122257920,2e-04,0.249936707074984,0.256766648488522,0.22575,0.142616666666667,0.154564285714286,-0.0448025641025641
DECR1,NC_045548.1,51973102,51989892,0.0042,0.168439449967193,0.0645825474365529,0.00349333333333333,0.021425,0.01638,0.0114883333333333
DHX29,NC_045543.1,122457999,122490672,0.0158,0.0545900060896402,0.458469696742872,-0.0327733333333333,0.0103111111111111,0.023,0.0151977777777778
DMRT1,NC_045543.1,76602171,76682763,0.0067,0.708074180673038,0.862775341428549,0.15838,0.1295375,0.130311111111111,-0.0107982142857143
DNAJA1,NC_045543.1,45101414,45109315,-0.0055,0.605727916328787,0.531409007499308,0.05508,0.06292,0.02512,0.02282
DNAJA3,NC_045554.1,263769,270367,6e-04,0.894751539043796,0.976745942616545,-0.00304666666666667,-0.003775,-0.00502666666666667,0.000261666666666667
DNAJC22,NC_045542.1,35552308,35562127,4e-04,0.00734449443052703,0.777047870195083,0.0671333333333333,0.0389805555555556,0.0172133333333333,-0.00319277777777778
DRD4,NC_045541.1,76374179,76405856,0.011,0.028250488287252,0.611988281846422,0.02522,-0.0227861111111111,-0.10778,0.0184938888888889
E2F6,NC_045543.1,6310249,6319756,0.0261,0.0293148848623757,0.0706799930192772,0.00697333333333333,0.0389194444444444,0.03412,0.0183727777777778
EDA,NC_045552.1,35702579,35795587,NA,NA,NA,NA,NA,NA,NA
EIF4A3,NC_045544.1,100836144,100847412,0.0112,0.471162802839008,0.676328697171559,0.0254933333333333,0.0410055555555556,0.0432533333333333,0.00663222222222223
EIF4H,NC_045544.1,124744258,124766850,-0.0077,0.0111101642006538,0.738005006216538,-0.108406666666667,-0.0462472222222222,-0.00403333333333333,0.00997277777777777
ELK3,NC_045547.1,37532494,37584089,0.0369,0.16502795027318,0.163469842242587,0.0345733333333333,0.0415472222222222,0.0166133333333333,0.0159538888888889
EP300,NC_045547.1,32680338,32755615,0.005,0.965996103346494,0.726325741453932,0.0692,0.0595222222222222,0.0676266666666667,-0.00889111111111112
FOS,NC_045541.1,131477535,131480876,0.0753,0.0105458538946981,0.00998104373099771,0.03758,0.0570277777777778,0.00365333333333333,0.0364111111111111
FOXA1,NC_045541.1,129714464,129720820,0.0136,0.693627415789937,0.448530559811029,0.01254,0.0185722222222222,0.00552666666666667,0.00953888888888889
FOXA3,NC_045552.1,1883056,1906575,0.0104,0.689252856380425,0.288000312780624,-0.00178,0.00711111111111111,0.00234666666666667,0.00682777777777778
FOXF1,NW_022473632.1,50839,53368,-0.0014,0.542511255087199,0.768156000746559,-0.014,-0.00879166666666667,-0.0087,0.001675
FOXJ1,NC_045542.1,55141783,55158438,0.0515,0.362803517350724,0.679384682466441,0.0144,0.00705,-0.0233866666666667,0.0115433333333333
FOXJ2,NC_045549.1,77428351,77445081,0.002,0.111861541599191,0.828347655941972,-0.00199333333333333,0.00743055555555556,0.0206666666666667,-0.00190611111111111
FOXK1,NC_045554.1,3926145,3984172,0.0072,0.990243877907763,0.706540167494118,0.00998,0.0113472222222222,0.0100466666666667,0.00133388888888889
FOXN2,NC_045544.1,101706038,101750370,0.0024,0.144694255789587,0.458160312190916,-0.04638,-0.0107083333333333,-0.0024,0.0136816666666667
FOXN3,NC_045541.1,139123513,139301006,0.035,0.734868897519396,0.0656999235392577,0.0146466666666667,0.027475,0.0121266666666667,0.0140883333333333
FOXO1,NC_045543.1,16454312,16501192,1e-04,0.22848773462777,0.259822419280745,0.0135066666666667,0.0163805555555556,0.00147333333333333,0.00889055555555555
FOXO3,NC_045544.1,30931338,31059005,0.1018,0.747824187415926,5.85267462652419e-06,0.0209,0.0910111111111111,0.0155866666666667,0.0727677777777778
FOXO4,NC_045552.1,55418945,55432196,0.0156,0.292338906558546,0.657828429400937,0.0176933333333333,0.0150388888888889,0.00444,0.00397222222222222
FOXP4,NC_045545.1,50767690,50938364,9e-04,0.784870014614546,0.877030749959241,-0.00404666666666667,-0.00354166666666667,-0.000586666666666667,-0.001225
GABARAPL1,NC_045542.1,247922,294605,0.03,0.00516650067339542,0.600654656738727,0.0429866666666667,0.0255805555555556,-0.00428,0.00622722222222222
GADD45A,NC_045545.1,25111096,25115039,-0.0035,0.880709712022554,0.845126887689031,0.0204666666666667,0.0167828571428571,0.03186,-0.0093804761904762
GADD45B,NC_045541.1,186465076,186466768,0.0252,0.61384265915246,0.121418772056536,0.03704,0.0533833333333333,0.0303666666666667,0.01968
GADD45G,NC_045543.1,88419595,88421971,0.0034,0.192736753959232,0.808867117030433,0.0166266666666667,-0.0168257142857143,-0.06698,0.00835095238095238
GAPDH,NC_045543.1,42145657,42151782,0.0125,0.813661547079318,0.354114853865458,0.0561,0.0944694444444444,0.06434,0.0342494444444444
GDAP1,NC_045548.1,46590053,46597877,0.031,0.0132586254280242,0.00942225171410946,0.0397466666666667,0.0512361111111111,0.000406666666666667,0.0311594444444444
GHR,NC_045543.1,126304208,126466410,0.014,0.0869334132515922,0.0843683632498256,0.0312266666666667,0.0373472222222222,0.0100066666666667,0.0167305555555556
GIGYF2,NC_045550.1,28492447,28591018,0.1264,0.0149712598473718,0.000249073530079099,0.05668,0.0998972222222222,0.00876666666666667,0.0671738888888889
GPATCH1,NC_045554.1,37546856,37572480,0.0018,0.0758321310519188,0.262372330367635,0.00426,0.0202444444444444,0.01916,0.00853444444444444
GPX1,NC_045542.1,100194069,100197177,0.0119,0.008782971645555,0.168416579716782,0.0547866666666667,0.0509944444444444,0.01108,0.0180611111111111
GPX3,NC_045542.1,91669017,91679582,0.0502,0.0606025065660842,0.0032483987918446,0.0188,0.0384694444444444,-0.00901333333333333,0.0335761111111111
GPX4,NC_045541.1,175707582,175727532,0.0022,0.727164630606408,0.50444285399583,0.0255733333333333,0.0216361111111111,0.0313733333333333,-0.00683722222222222
GPX7,NC_045545.1,33750870,33759381,0.0032,0.0663133391281608,0.494736640731441,0.0113,0.0309,0.07506,-0.0158222222222222
GPX8,NC_045543.1,122551246,122559083,0.0109,0.0701915517524911,0.956312572144704,0.0329133333333333,-0.0163333333333333,-0.06192,-0.00183
GRB2,NC_045542.1,53268855,53351195,0.0503,0.444387362743906,0.269660357408016,-0.0206666666666667,0.024875,0.0093,0.0305583333333333
GSK3A,NC_045552.1,5330886,5357461,0.0284,0.0963582035298284,0.310841630795031,-0.00394666666666667,0.0284638888888889,0.0329,0.0139872222222222
GSK3B,NC_045543.1,38025983,38157869,0.0213,0.0299964962608653,0.024157423849772,0.00901333333333333,0.0143027777777778,-0.00683333333333333,0.0132127777777778
GSTA1,NC_045544.1,4469255,4479935,0.0085,0.575499038101771,0.0918066187188935,0.01832,0.0256333333333333,0.0144466666666667,0.00925
GSTP1,NC_045541.1,69278307,69290696,0,0.0186718614292581,0.858927355916827,-0.00681333333333333,0.00361666666666667,0.0161266666666667,-0.00104
HAGHL,NC_045554.1,17331572,17349013,0.0038,0.0234546621196355,0.984704453502089,0.00998,0.063975,0.11914,-0.000585000000000002
HDAC10,NC_045547.1,64580905,64610740,-2e-04,0.0427116540779244,0.864359023542012,0.0394133333333333,0.0298222222222222,0.01686,0.00168555555555555
HDAC3,NC_045546.1,67978573,68016852,NA,NA,NA,NA,NA,NA,NA
HIF1A,NC_045541.1,154059133,154105065,0.0956,0.000291793490431782,0.00180119762706134,0.0481133333333333,0.0633666666666667,-0.0100466666666667,0.0443333333333333
HIF1AN,NC_045555.1,18919275,18937425,-0.0024,0.920890758793608,0.541972207451688,0.00654666666666667,0.00193055555555556,0.00549333333333333,-0.00408944444444444
HSF1,NC_045548.1,80154044,80182729,0.0065,0.0768498924484562,0.967071557387225,0.0162666666666667,0.0104583333333333,0.00428,0.000184999999999999
HSF2,NC_045544.1,38052949,38079562,0.0154,0.065126267141965,0.430780897414332,-0.0171733333333333,0.0415722222222222,0.0522066666666667,0.0240555555555556
HSP90AA1,NC_045541.1,147315906,147322852,0.0711,0.370030954751431,0.0037081830898442,0.01026,0.0453222222222222,0.01948,0.0304522222222222
HSP90B1,NC_045547.1,24421892,24434095,0.0127,0.385097807302421,0.870875113999545,0.0206066666666667,0.0269166666666667,0.0308066666666667,0.00121
HSPA13,NC_045546.1,45587903,45595126,0.0273,0.144198758879916,0.00082534414605187,0.000406666666666666,0.0249805555555556,-0.0129733333333333,0.0312638888888889
HSPA2,NC_045541.1,152503882,152506232,0.0203,3.01902241584302e-05,0.00767947187790081,0.0131733333333333,0.0163861111111111,-0.0074,0.0134994444444444
HSPA4,NC_045542.1,82303217,82330594,0.0112,0.17643761330996,0.488551129435895,0.0124333333333333,0.0160694444444444,0.0331133333333333,-0.00670388888888889
HSPA5,NC_045556.1,35100400,35106860,-5e-04,0.0130324588369481,0.593395894735432,0.00666,-0.001975,-0.00671333333333333,-0.00194833333333333
HSPA8,NC_045553.1,44843810,44854285,0.0121,0.000496403691341622,0.0421579296943315,-0.00719333333333333,0.0186888888888889,0.0184333333333333,0.0130688888888889
HSPA9,NC_045543.1,17768052,17791685,0.0201,0.204855336349255,0.729440744249778,0.0170733333333333,0.0263333333333333,0.0303333333333333,0.00263
HSPB1,NC_045544.1,121716293,121726986,-0.0013,0.253021560221263,0.537368985324159,0.00131333333333333,0.00267777777777778,0.0108533333333333,-0.00340555555555556
HSPH1,NC_045546.1,24397277,24420818,0.0489,0.0265353967924344,0.0250367793133157,0.00353333333333333,0.0158,-0.0179733333333333,0.02302
IGF1,NC_045547.1,23829988,23903413,0.0079,0.00222784273376155,0.878280409891091,0.0184333333333333,-0.0553888888888889,-0.140106666666667,0.00544777777777778
IGF1R,NC_045556.1,21438666,21663937,0.0036,0.019771879505979,0.806614241389545,0.00344666666666667,-0.0452277777777778,-0.108533333333333,0.00731555555555555
IGF2,NC_045541.1,80154142,80174323,0.0532,0.0597634507025105,5.25933988733043e-05,0.00848666666666667,0.0297166666666667,-0.00224,0.0265933333333333
IGF2R,NC_045544.1,58982645,59064872,0.0305,0.00476023007693492,0.188900779031391,0.00218666666666667,0.0449777777777778,0.0506,0.0185844444444444
IGFBP1,NC_045558.1,79525953,79536695,0.0036,0.472453155438263,0.608656127200856,0.110233333333333,0.0820388888888889,0.0814133333333333,-0.0137844444444444
IGFBP2,NC_045541.1,60907109,60993928,0.0251,0.0261610984057566,0.748246263684245,0.0553133333333333,0.0369111111111111,0.0106066666666667,0.00395111111111111
IGFBP3,NC_045558.1,79550336,79584615,0.1533,0.624775484587769,0.0215443445080923,0.0206266666666667,0.105408333333333,0.0475857142857143,0.0717669540229885
IGFBP4,NC_045558.1,97177152,97207892,-0.0043,0.865362521380831,0.521929469185945,0.0623133333333333,0.05495,0.0660133333333333,-0.00921333333333334
IGFBP7,NC_045543.1,43720138,43746573,0.0265,0.798518565852912,0.111590226285347,0.0171866666666667,0.0394722222222222,0.0112714285714286,0.0251411877394636
INPP5A,NC_045555.1,48753482,48986459,0.0049,0.036511666965261,0.762152235337046,0.00312,0.0212527777777778,0.0467333333333333,-0.00367388888888889
INSR,NC_045541.1,166100054,166184388,0.0169,0.0189847295518739,0.469815232991706,0.0205666666666667,0.0143611111111111,-0.00303333333333333,0.00559444444444444
IRS4,NC_045552.1,40406058,40423168,0.0513,0.000308443289161973,0.0171154121287631,0.00584666666666667,0.0434583333333333,0.0415333333333333,0.0197683333333333
ISCA1,NC_045543.1,84051615,84058362,0.0139,0.0452129086363389,0.424983006012335,0.01702,-0.00126944444444444,-0.05078,0.0156105555555556
ISCA2,NC_045541.1,130904989,130912489,0.0142,0.0350457067763304,0.935015805526642,0.0647933333333333,0.0438638888888889,0.02492,-0.00099277777777778
JAK1,NC_045545.1,26273465,26338926,-4e-04,0.0217729244873216,0.409927715128539,0.00298,0.00783611111111111,0.0198466666666667,-0.00357722222222222
JAK2,NC_045543.1,75033530,75109628,0.0206,0.570062613286385,0.433507412373062,0.0218866666666667,0.0262055555555556,0.0124,0.00906222222222222
JUN,NC_045545.1,29151374,29154108,0.0144,0.137519457183225,0.881444631264431,0.05598,0.0390277777777778,0.0172466666666667,0.00241444444444445
KITLG,NC_045547.1,39920623,39973368,NA,NA,NA,NA,NA,NA,NA
KL,NC_045546.1,25030481,25050118,0.0028,0.187869736777394,0.952128984611352,0.02974,0.0229111111111111,0.01694,-0.000428888888888888
KLHL24,NC_045550.1,26653625,26669351,0.0129,0.171088643235887,0.947315465951195,0.00768666666666667,0.0261361111111111,0.0423133333333333,0.00113611111111111
KMT2C,NC_045558.1,9320906,9492161,0.0326,0.134467731481714,0.382325877118058,0.0458133333333333,0.0437361111111111,0.0220333333333333,0.00981277777777777
KRAS,NC_045547.1,8018869,8053229,0.018,0.989176812807353,0.537855020600725,0.0297733333333333,0.0356916666666667,0.0299533333333333,0.00582833333333333
LEPR,NC_045545.1,25982819,26029188,NA,NA,NA,NA,NA,NA,NA
LIN7C,NC_045541.1,94415494,94431850,0.0016,0.489571145456758,0.855686356260587,0.00714666666666667,0.00809444444444444,0.0102133333333333,-0.000585555555555556
LOC116502538,NC_045542.1,861851,894981,0.0171,0.937246254103345,0.0389767222804092,0.01726,0.0271666666666667,0.0168,0.0101366666666667
LOC116503018,NC_045542.1,32845053,32850545,0.0397,0.0429821747430488,0.125069066282225,0.0112466666666667,0.0576555555555556,0.0582133333333333,0.0229255555555556
LOC116503105,NC_045542.1,158143551,158144592,0.0113,0.499612080525083,0.400361669029908,-0.01114,-0.00586111111111111,-0.0255933333333333,0.0125055555555556
LOC116503212,NC_045542.1,35893622,35903516,0.0086,0.0329043437604566,0.796289765132412,-0.0138933333333333,0.00821388888888889,0.0243266666666667,0.00299722222222222
LOC116503374,NC_045542.1,170734891,171291608,3e-04,0.715394150337249,0.793709803884469,-0.00502666666666667,-0.00158333333333333,-0.00164,0.00175
LOC116503377,NC_045542.1,170768524,170886972,-7e-04,0.106470233924962,0.918549134965227,0.0109666666666667,0.00458055555555556,-0.00318,0.000687222222222223
LOC116503386,NC_045542.1,171001710,171505786,-4e-04,0.910887613572061,0.978855734540083,0.0179933333333333,0.0169361111111111,0.0163666666666667,-0.000243888888888891
LOC116503390,NC_045542.1,169611652,169618702,0.0112,0.193396947465566,0.529768792972309,0.00204,0.0161583333333333,0.01852,0.00587833333333333
LOC116503394,NC_045542.1,170899655,170915629,0,0.607013236723574,0.844745403805998,0.00241333333333333,0.00671666666666667,0.00788666666666667,0.00156666666666667
LOC116503405,NC_045542.1,172884745,172901387,0.002,0.0100688647745102,0.864064946663625,-0.0308866666666667,-0.00298888888888889,0.0205333333333333,0.00218777777777778
LOC116503736,NC_045542.1,116187353,116192067,0.0026,0.153504300136149,0.786278185647039,-0.00855333333333333,-0.00204444444444444,0.00171333333333333,0.00137555555555556
LOC116503820,NC_045542.1,115920792,115943491,0.0092,0.7427751335785,0.289911498841814,0.0199933333333333,0.0293138888888889,0.02326,0.00768722222222222
LOC116504544,NC_045542.1,160893567,160915567,0.0043,0.000885157869909105,0.606865717380882,0.0144866666666667,0.00601111111111111,-0.00711333333333333,0.00232444444444444
LOC116505343,NC_045541.1,71961730,71975426,0.0346,0.0505300886963903,0.336620609758164,0.0234066666666667,-0.0991916666666667,-0.625066666666667,0.165612037037037
LOC116505849,NC_045543.1,30512609,30548372,0.0096,0.13386065753169,0.0634245932808753,-0.0145666666666667,0.00557222222222222,-0.00082,0.0132655555555556
LOC116505938,NC_045541.1,116273315,116318685,0.0265,0.0397528501345623,0.960914362797369,0.0242,-0.0183805555555556,-0.0577466666666667,-0.00160722222222222
LOC116506478,NC_045543.1,59501904,59524365,NA,NA,NA,NA,NA,NA,NA
LOC116506537,NC_045543.1,144287033,144377346,0.0046,0.0583661078675786,0.876952129275747,0.00703333333333333,0.0144111111111111,0.02052,0.000634444444444444
LOC116506575,NC_045543.1,109406721,109417773,0.0709,0.15018906519001,0.00209244648842736,0.01408,0.0433194444444444,0.00282857142857143,0.0346711685823755
LOC116506766,NC_045543.1,37988454,37994728,0.0193,0.208255866599877,0.226314739429838,0.00431333333333333,0.00738055555555556,-0.00465333333333333,0.00755055555555556
LOC116506963,NC_045544.1,14911935,14915577,0.0153,0.114667573693243,0.640907354196883,-0.00418,0.00841111111111111,0.0147285714285714,0.00346283524904215
LOC116507099,NC_045544.1,4439408,4450843,0.0095,0.478085872843686,0.560761988453437,0.0191533333333333,0.0196444444444444,0.0147866666666667,0.00267444444444444
LOC116507565,NC_045544.1,46461409,46471643,2e-04,0.166313851902418,0.818946993938661,0.0245,0.00498888888888889,-0.00804,-0.00324111111111111
LOC116507754,NC_045544.1,101979094,102013729,0.0113,0.0182678067199554,0.149853200223507,0.00680666666666667,-0.00214444444444444,-0.0713266666666667,0.0301155555555556
LOC116507918,NC_045544.1,4567425,4583606,0.0128,0.0118237747789363,0.724943166428872,0.00671333333333333,0.0176333333333333,0.02476,0.00189666666666667
LOC116507992,NC_045544.1,94082703,94090734,0.0016,0.245966985092211,0.399262913520737,0.0171466666666667,0.00839722222222222,0.00828666666666667,-0.00431944444444444
LOC116507994,NC_045544.1,18380505,18420517,0.001,0.0326202528156217,0.386283378760291,0.04622,0.0256472222222222,0.0195666666666667,-0.00724611111111111
LOC116508584,NC_045545.1,86208074,86222547,0.0021,0.912831796029183,0.996302933656906,-0.0151933333333333,-0.0171527777777778,-0.0193333333333333,0.000110555555555558
LOC116508979,NC_045545.1,45374295,45383509,-7e-04,0.111722705927703,0.522033532398422,0.0296466666666667,0.0401611111111111,0.06902,-0.00917222222222222
LOC116509003,NC_045545.1,38933362,38937238,NA,NA,NA,NA,NA,NA,NA
LOC116509241,NC_045545.1,99166491,99185664,9e-04,0.185171447973714,0.426190209111067,0.01514,0.0271472222222222,0.0284733333333333,0.00534055555555556
LOC116509327,NC_045545.1,38102387,38127812,0.0015,0.163248474122296,0.387836007744005,0.03106,0.0130611111111111,0.01026,-0.00759888888888889
LOC116509867,NC_045546.1,3769293,3772841,0.0187,0.575543670417644,0.716025674784951,0.0234866666666667,0.0232722222222222,0.0167533333333333,0.00315222222222222
LOC116510063,NC_045546.1,399498,400622,0.0108,0.833524258421945,0.787996225492592,0.0223266666666667,0.0229361111111111,0.02054,0.00150277777777778
LOC116510561,NC_045546.1,59089885,59145594,0.0115,0.178427782078709,0.989051193006796,-0.0232571428571429,-0.00816666666666667,0.0101333333333333,-0.000320512820512821
LOC116510618,NC_045546.1,58981266,59083947,0.0759,0.20489727694509,0.00348323030950877,-0.0231266666666667,0.0717972222222222,0.01684,0.0749405555555556
LOC116511712,NC_045547.1,77416510,77446458,NA,NA,NA,NA,-0.9744,NA,NA
LOC116512145,NC_045541.1,83022568,83109855,0.0406,0.319981197966598,0.0094837039583438,-0.000979999999999999,0.0383083333333333,0.0140533333333333,0.0317716666666667
LOC116512326,NC_045548.1,55935588,55939528,NA,NA,NA,NA,NA,NA,NA
LOC116512557,NC_045548.1,54446995,54454152,0.0092,0.0643842308996753,0.332727038850431,0.0201866666666667,0.0157472222222222,-0.00254,0.00692388888888889
LOC116512631,NC_045548.1,6323926,6325300,0.0091,0.288479517467477,0.953802934252991,0.0200333333333333,0.0260333333333333,0.033,-0.000483333333333336
LOC116512786,NC_045548.1,80366313,80369214,0.0044,0.529478745391414,0.888270714973088,0.0175866666666667,0.0164972222222222,0.01428,0.000563888888888888
LOC116513013,NC_045541.1,89320080,89333769,0.0139,0.0286366406887619,0.425721522608749,0.0205866666666667,0.0168305555555556,0.00155333333333333,0.00576055555555556
LOC116514227,NC_045550.1,26288053,26294530,0.0411,0.299483628677728,0.304268050242825,0.0126066666666667,0.0484111111111111,0.0443133333333333,0.0199511111111111
LOC116514261,NC_045541.1,100771070,100816651,0.0069,0.54250710624049,0.824355489263826,0.0226066666666667,0.0285972222222222,0.0308466666666667,0.00187055555555556
LOC116514334,NC_045550.1,21311766,21325877,0.0157,0.976391744652692,0.717191228013058,0.0185,0.0232527777777778,0.0179666666666667,0.00501944444444444
LOC116514694,NC_045551.1,41274693,41282695,0.0226,0.0192363168907602,0.450784731471078,0.03388,0.0294833333333333,0.0111533333333333,0.00696666666666667
LOC116515182,NC_045552.1,6958345,6977329,0.0126,0.0241882102770266,0.00956846748086101,0.0193066666666667,0.0270416666666667,0.0073,0.0137383333333333
LOC116515224,NC_045552.1,21954615,21982503,0.0108,0.374588555056351,0.848640031852685,0.0140266666666667,0.0180027777777778,0.0201,0.000939444444444444
LOC116515748,NC_045552.1,419901,425513,0.0193,0.156980726411684,0.484984755789115,-0.0061,0.0168027777777778,0.0202,0.00975277777777778
LOC116515749,NC_045552.1,402549,418388,0.0192,0.474938147455984,0.282269627482449,0.02442,0.0469277777777778,0.0385133333333333,0.0154611111111111
LOC116515779,NC_045552.1,59468617,59472370,0.0143,0.200173824559714,0.28024995821094,-0.0159266666666667,-0.0148833333333333,-0.03906,0.01261
LOC116516211,NC_045552.1,9988958,9993328,0.0047,0.613578032728797,0.841139694387867,0.0210066666666667,0.0227722222222222,0.0281733333333333,-0.00181777777777778
LOC116516217,NC_045552.1,37548307,37550835,0.0038,0.791294302856544,0.77921957039855,0.0108333333333333,0.0114138888888889,0.00789333333333333,0.00205055555555556
LOC116516483,NC_045553.1,48103300,48127202,0.0189,0.0667647124897867,0.533098904275002,0.0351333333333333,0.0239916666666667,-0.00389333333333333,0.00837166666666667
LOC116516566,NC_045553.1,18462410,18468697,0.0206,0.932888528854805,0.118332670743718,0.0032,0.016225,0.00395333333333333,0.0126483333333333
LOC116516714,NC_045553.1,4097459,4101064,0.0046,0.0955917056619327,0.861965561718462,0.00274666666666667,0.0140416666666667,0.02894,-0.00180166666666667
LOC116516798,NC_045553.1,8134218,8146494,NA,NA,NA,NA,NA,NA,NA
LOC116517048,NC_045553.1,16412457,16415643,NA,NA,NA,NA,NA,NA,NA
LOC116517285,NC_045554.1,17352181,17381010,0.0125,0.0359427746866995,0.827028363483339,0.00564666666666667,0.0371777777777778,0.0774466666666667,-0.00436888888888889
LOC116517450,NC_045554.1,1803700,1815654,0.0162,0.277363672020456,0.257455341659505,0.0195933333333333,0.0302166666666667,0.0272933333333333,0.00677333333333333
LOC116517709,NC_045554.1,6799444,6814582,0.0121,0.453269523954897,0.92591483447609,0.0245533333333333,0.032575,0.03848,0.00105833333333333
LOC116517973,NC_045554.1,47273043,47276904,0.0033,0.894798078835159,0.705382224786419,0.0079,0.00529166666666667,0.00688,-0.00209833333333333
LOC116518020,NC_045554.1,40121544,40126624,0.0129,0.778246606158897,0.63530203899008,0.03178,0.0386972222222222,0.0359933333333333,0.00481055555555555
LOC116519097,NC_045556.1,5272984,5283825,0.0145,0.00128967361408255,0.0590116058150321,-0.00180666666666667,0.0152333333333333,0.0145666666666667,0.00885333333333333
LOC116519415,NC_045556.1,5393184,5401460,0.0146,0.0602577779575588,1,0.03934,0.029,0.01866,-3.46944695195361e-18
LOC116519949,NC_045557.1,1462667,1481256,0.0207,0.0745708567675307,0.197898488034727,0.00538,0.0202722222222222,0.0200466666666667,0.00755888888888889
LOC116520028,NC_045557.1,5480389,5484627,-0.0045,0.168985054174329,0.773962656021458,-0.00946,0.000952777777777778,0.0182733333333333,-0.00345388888888889
LOC116520753,NC_045558.1,31868699,31882815,0.0215,0.429111049412119,0.940690674463833,0.0937066666666667,0.0793361111111111,0.06826,-0.00164722222222223
LOC116520881,NC_045558.1,89705647,89725159,0.0298,0.0191334580763652,0.880367494864727,0.06938,0.039925,0.00396666666666667,0.00325166666666667
LOC116521616,NC_045558.1,123023699,123047376,0.0043,0.0587867094758043,0.82952961479195,-0.0104866666666667,-0.0257416666666667,-0.04628,0.00264166666666667
LOC116522295,NC_045558.1,5847710,5944343,0.0045,0.0587348872745464,0.660139366717043,0.0248866666666667,0.0374277777777778,0.06026,-0.00514555555555556
LOC116523000,NC_045558.1,116899066,116918708,0.0025,0.144668866050436,0.887716264545061,-0.00793333333333333,0.00493055555555556,0.0149066666666667,0.00144388888888889
LOC116523426,NW_022473751.1,16315,30636,NA,NA,NA,0.0186,-0.0222,-0.0813,NA
LOC116523446,NW_022473781.1,21929,30767,0.0033,0.674157606249009,0.555073786384467,-0.001,0.01425,0.00831666666666667,0.00903888888888889
LOC116523587,NW_022473899.1,54472,64356,0.0042,0.67798872336877,0.773464325297722,0.0216666666666667,0.0253333333333333,0.03635,-0.00612222222222222
LTBP1,NC_045544.1,75720901,75937105,0.0016,0.522920450410389,0.713207673130521,-0.00283333333333333,-0.00402222222222222,-0.0123866666666667,0.00358777777777778
MAK,NC_045548.1,7870292,7905253,-0.001,0.78873068628666,0.882492979610378,0.0125066666666667,0.0107555555555556,0.0105733333333333,-0.000784444444444444
MAP2K1,NC_045556.1,22743235,22795477,0.0245,0.0506063452550479,0.048273052491888,0.02924,0.0334194444444444,0.0149466666666667,0.0113261111111111
MAP2K3,NC_045554.1,4717938,4778731,0.0037,0.788612272388378,0.0992995826216504,0.0212266666666667,0.0299361111111111,0.01916,0.00974277777777778
MAP2K6,NC_045542.1,40369878,40490821,0.0012,0.168209342891169,0.608048188573817,0.00574666666666667,-0.00217777777777778,-0.00484666666666667,-0.00262777777777778
MAP3K1,NC_045543.1,121693300,121770410,0.0289,0.865961422752449,0.0309613891253541,0.0104733333333333,0.0291833333333333,0.00806,0.0199166666666667
MAP3K11,NC_045557.1,9357203,9391243,0.0069,0.0556989349840611,0.905299817032198,0.0231,0.0153777777777778,0.00890666666666667,-0.000625555555555556
MAPK1,NC_045553.1,9071472,9089594,0.0079,0.530320504080258,0.549320108122393,0.01914,0.0368194444444444,0.0328333333333333,0.0108327777777778
MAPK11,NC_045547.1,64415882,64460425,0.0034,0.463671325918685,0.779162204348166,0.0163333333333333,0.0148194444444444,0.0104066666666667,0.00144944444444444
MAPK13,NC_045545.1,47114596,47145436,0.0164,0.376510826854093,0.460763380412487,0.03428,0.0358777777777778,0.0197466666666667,0.00886444444444445
MAPK8,NC_045551.1,71218361,71240583,0.0064,0.636234548054746,0.889836278968103,0.02092,0.0222777777777778,0.02548,-0.00092222222222222
MAPK9,NC_045542.1,89049444,89089094,0.0119,0.0242000063525722,0.419352158512042,0.0131466666666667,0.00270833333333333,-0.02772,0.009995
MAPKAPK2,NC_045545.1,55461929,55538600,-0.0028,0.339709937892581,0.696197570713006,0.00768666666666667,0.0105611111111111,0.02122,-0.00389222222222222
MAPKAPK5,NC_045553.1,1083683,1097507,0.0131,0.298137968048266,0.0568501217908047,0.00359333333333333,0.0191277777777778,0.0116133333333333,0.0115244444444444
MAX,NC_045541.1,66356537,66380027,0.0118,0.917835887058457,0.589481287021791,0.0129533333333333,0.0184555555555556,0.0112,0.00637888888888889
MC1R,NC_045554.1,49215175,49216120,0.0798,0.0151672710184245,0.068215799073354,0.04604,-0.0181472222222222,-0.6183,0.256528639846743
MDM2,NC_045547.1,48027451,48042974,0.0016,0.100882174201042,0.640664909175212,-0.0123866666666667,0.00438611111111111,0.01228,0.00443944444444444
MDM4,NC_045545.1,52978167,53010554,0.0026,0.132959890041017,0.607984323834631,0.0315933333333333,0.0157722222222222,0.01034,-0.00519444444444445
MITF,NC_045542.1,132520584,132703024,0.101,0.802945373135327,0.00686819456917442,0.00376,0.076875,0.0107666666666667,0.0696116666666667
MKNK1,NC_045545.1,38273402,38309476,-0.0027,0.325878266013494,0.906590010143693,0.0179266666666667,0.00348055555555556,-0.00734666666666667,-0.00180944444444445
MKNK2,NC_045541.1,170638839,170690469,-0.0027,0.358353840941346,0.739812453226961,0.0201666666666667,0.00741388888888889,0.00242,-0.00387944444444444
MOK,NC_045541.1,147405811,147425113,0.0122,0.00819531221679316,0.418429882653849,0.0652733333333333,0.0447055555555556,-0.0119666666666667,0.0180522222222222
MPO,NC_045544.1,118634537,118669946,0.0507,0.0112534545969958,0.0156625395814473,-0.000826666666666667,0.0521861111111111,0.04718,0.0290094444444444
MPST,NC_045547.1,29055806,29061398,0.0014,0.02658645823106,0.678651857663252,0.00966,0.0209638888888889,0.03886,-0.00329611111111111
MRAS,NC_045541.1,56654969,56741032,0.0281,0.00763791184896777,0.153693367386792,0.0183933333333333,0.0106805555555556,-0.02998,0.0164738888888889
MSRA,NC_045544.1,111416456,111585387,0.0361,0.433916586490785,0.000606027820421282,-0.01126,0.0224472222222222,-0.00306,0.0296072222222222
MSRB3,NC_045547.1,49594196,49661938,0.0154,0.197960072695689,0.918932614568472,0.0102466666666667,0.00436388888888889,-0.00302,0.000750555555555556
MTA2,NC_045557.1,6330996,6355765,-0.0028,0.861501206846772,0.756684370908472,0.00762666666666667,0.00572777777777778,0.0107666666666667,-0.00346888888888889
MTOR,NC_045555.1,7204873,7287667,6e-04,0.0122364646100898,0.712460426247606,0.0279466666666667,0.0146555555555556,0.00565333333333333,-0.00214444444444444
MYC,NC_045548.1,69065584,69071587,0.0131,0.317955478597338,0.00502748997594517,0.00328,0.0174138888888889,0.00864,0.0114538888888889
NDUFA10,NC_045553.1,19813620,19822847,0.0045,0.0302999084767613,0.981599370890718,-0.023525,-0.200906666666667,-0.358,0.00272025641025642
NDUFA11,NC_045541.1,166300839,166307546,0.0012,0.382469488222581,0.862665229500917,0.0199,0.0237888888888889,0.03104,-0.00168111111111111
NDUFA13,NC_045541.1,171952171,171964618,0.0165,0.832104896897677,0.148298610086677,-0.00048,0.0107888888888889,0.00195333333333333,0.0100522222222222
NDUFA2,NC_045546.1,69798253,69800461,0.0136,0.057369734705148,0.858635693178977,0.0301666666666667,0.0183277777777778,0.00319333333333333,0.00164777777777778
NDUFA3,NC_045558.1,120008684,120015146,0.0856,0.0669215090403698,0.0168858730541458,0.07116,0.111628125,0.0257888888888889,0.0574822916666667
NDUFA4,NC_045558.1,2278157,2283756,0.0042,0.200208170900334,0.650709511752816,0.00812666666666667,0.0148083333333333,0.0313866666666667,-0.00494833333333333
NDUFA5,NC_045547.1,61934189,61940369,0.0013,0.636628916887273,0.385411751188022,0.0278,0.0169027777777778,0.0208466666666667,-0.00742055555555556
NDUFA7,NW_022473609.1,29445,38040,0.0124,0.695256592526241,0.620150292900781,0.00836666666666667,0.015525,0.0131666666666667,0.00395833333333333
NDUFAF1,NC_045541.1,117677659,117689387,-0.0047,0.545153493020371,0.974523296551695,0.00107333333333333,0.00662222222222222,0.01314,-0.000484444444444444
NDUFB1,NC_045541.1,140828363,140832332,0.013,0.23002413595786,0.261143314201978,0.0265133333333333,0.0303805555555556,0.00941333333333333,0.0124172222222222
NDUFB10,NC_045554.1,21852477,21855605,0.0083,0.868810165558191,0.451712106077291,-0.161291666666667,-0.2593,-0.143453333333333,-0.107918518518518
NDUFB11,NC_045542.1,12714830,12766025,0.0128,0.0111263400895775,0.266578884323268,-0.00404666666666667,0.0230611111111111,0.02904,0.0105644444444444
NDUFB2,NC_045547.1,21874376,21878460,-0.0056,0.0150285244159726,0.947969942622055,-0.0367222222222222,0.000844999999999999,0.0412222222222222,-0.001405
NDUFB3,NC_045541.1,8245864,8254340,0.0029,0.124000232736624,0.732927471323118,-0.00108666666666667,0.00627222222222222,0.0194866666666667,-0.00292777777777778
NDUFB4,NC_045543.1,38276126,38282371,0.0104,0.569885503821556,0.602426158036474,-0.0052,-0.00365277777777778,-0.0137466666666667,0.00582055555555556
NDUFB5,NC_045550.1,60481485,60489488,0.0066,0.915934017196294,0.291422691231181,0.00504,0.0125805555555556,0.00398666666666667,0.00806722222222222
NDUFB6,NC_045543.1,60318894,60330100,0.2486,0.00150179376992996,3.87055346148862e-05,0.0750133333333333,0.157947222222222,-0.00418,0.122530555555556
NDUFB7,NC_045542.1,65285676,65291857,0.004,0.472307822362539,0.88856839198071,0.0286466666666667,0.0212916666666667,0.0171466666666667,-0.001605
NDUFB9,NC_045548.1,67199710,67208013,0.0087,0.382367347874373,0.94853805033903,0.0138733333333333,0.0196777777777778,0.0266,-0.00055888888888889
NDUFS1,NC_045541.1,4677652,4720243,8e-04,0.632889017559823,0.790665250900314,0.0138266666666667,0.01855,0.01944,0.00191666666666667
NDUFS2,NC_045557.1,5463386,5480255,0.0013,0.454032163109772,0.450571242981068,0.0222866666666667,0.0146555555555556,0.0154733333333333,-0.00422444444444445
NDUFS3,NC_045541.1,110221834,110236057,0.052,0.972826913834762,3.90255762167922e-05,0.01484,0.0559527777777778,0.0144466666666667,0.0413094444444444
NDUFS4,NC_045543.1,123242728,123282804,0.0061,0.0296214984013317,0.939049792029052,0.00370666666666667,0.0454638888888889,0.0912333333333333,-0.0020061111111111
NDUFS5,NC_045552.1,30616987,30620349,NA,NA,NA,NA,NA,NA,NA
NDUFS6,NC_045546.1,77305359,77311071,0.0162,0.0182935980578683,0.464011920541086,0.0203333333333333,0.0159416666666667,0.0037,0.003925
NDUFS8,NC_045541.1,66450440,66465211,0.0089,0.0100157175738883,0.770836739321856,0.04192,0.024825,0.01256,-0.002415
NDUFV1,NC_045541.1,69294488,69299998,0.0013,0.0914859134653699,0.777702068929997,-0.00384,0.000672222222222222,0.00772666666666667,-0.00127111111111111
NDUFV2,NC_045548.1,25037255,25053578,4e-04,0.152146111595108,0.622393915076796,0.00172666666666667,0.00751666666666667,0.02078,-0.00373666666666667
NDUFV3,NC_045546.1,56321323,56333543,0.0886,0.563765474605499,0.00153963040994319,0.03218,0.0916222222222222,0.0456733333333333,0.0526955555555556
NFKB1,NC_045549.1,21785778,21866873,-7e-04,0.88780267010592,0.959444936859681,0.00377333333333333,0.00256944444444444,-0.00102666666666667,0.00119611111111111
NFKBIA,NC_045541.1,128347484,128352147,0.0458,0.0323702780918826,0.000483727007183707,0.000666666666666667,0.0678694444444444,0.0249,0.0550861111111111
NFKBIB,NC_045552.1,2095672,2104406,0.0042,0.998318926913996,0.970483039552546,0.00836666666666667,0.00815555555555555,0.00835333333333333,-0.000204444444444445
NR0B2,NC_045552.1,18271410,18274315,0.0179,0.0220641862324253,0.0776461935960805,-0.0164466666666667,0.0324111111111111,0.0253466666666667,0.0279611111111111
NR4A1,NC_045542.1,28294691,28339866,0.055,0.130084380137776,0.000545815855654784,0.00826666666666667,0.0551111111111111,0.02474,0.0386077777777778
NR4A2,NC_045541.1,34952046,34963239,0.0078,0.0997011168818255,0.868995930113753,-0.05246,-0.126088888888889,-0.18058,-0.00956888888888889
NR4A3,NC_045558.1,82102224,82125409,0.0018,0.000257442730188034,0.524077297057776,0.120773333333333,0.052025,-0.0543266666666667,0.0188016666666667
NRAS,NC_045545.1,61950623,61960076,0.0676,0.00118822838795152,0.00227362773677362,0.02406,0.0430222222222222,-0.0208466666666667,0.0414155555555556
NRF1,NW_022473730.1,4665,40324,0.0234,0.32463737232365,0.616147068064974,0.0415,0.0267416666666667,0.00545,0.009275
NUAK1,NC_045547.1,25247867,25309079,0.023,0.372524202416375,0.942921659454711,0.00962,0.0190722222222222,0.0268133333333333,0.000855555555555557
NUAK2,NC_045545.1,54090049,54111232,0.0071,0.063193938316585,0.84605984478368,0.0386066666666667,0.0258944444444444,0.00900666666666667,0.00208777777777778
NUP88,NC_045544.1,122767228,122787174,0.001,0.710826580623086,0.316054023382163,0.00696,0.00940555555555556,0.00499333333333333,0.00342888888888889
OCA2,NC_045551.1,31253402,31450074,NA,NA,NA,NA,NA,NA,NA
PDK2,NC_045558.1,104306189,104345243,0.0037,0.134534142522708,0.547839854150482,0.000533333333333334,0.0203277777777778,0.02616,0.00698111111111111
PDK3,NC_045551.1,17250731,17348708,0.0178,0.0109033072363471,0.807874163910867,0.0417066666666667,0.0269444444444444,0.00810666666666667,0.00203777777777778
PDK4,NC_045558.1,31955467,31968343,0.0205,0.365411172443389,0.486267494051054,-0.0413533333333333,0.0103138888888889,0.0145266666666667,0.0237272222222222
PDPK1,NC_045554.1,21275095,21313242,0.0087,0.752990338084652,0.653070629314356,0.0268533333333333,0.0286833333333333,0.0207,0.00490666666666667
PGK1,NC_045552.1,37394430,37415101,0.0151,0.605050912930602,0.046352572890738,-0.00162666666666667,0.00983333333333333,0.000973333333333333,0.01016
PIK3C2A,NC_045541.1,83259130,83316287,0.0088,0.528735183527684,0.135891640986804,0.01516,0.028325,0.0211866666666667,0.0101516666666667
PIK3C2B,NC_045545.1,52853706,52964169,0.0056,0.028673410784141,0.96300370350501,0.0373933333333333,0.0209972222222222,0.00562666666666667,-0.000512777777777779
PIK3CA,NC_045550.1,60206996,60250578,-0.0011,0.678063354500395,0.397064965008011,0.0143666666666667,0.0112388888888889,0.0178533333333333,-0.00487111111111111
PIK3CB,NC_045550.1,34487265,34569141,0.0515,0.0439188866395107,0.842756830663289,-0.0523533333333333,0.0231666666666667,0.0815333333333333,0.00857666666666667
PIK3CD,NC_045555.1,6007188,6055587,-0.0048,0.0521477994534401,0.361906810402551,0.05834,0.0271833333333333,0.0190866666666667,-0.01153
PIK3R1,NC_045543.1,116808097,116871157,0.0441,0.786535323803314,0.0306877255068424,0.0237466666666667,0.053275,0.02684,0.0279816666666667
PIK3R2,NC_045541.1,165596196,165645817,0.016,0.577764056579233,0.707363284105989,0.0166933333333333,0.0221444444444444,0.02232,0.00263777777777778
PIK3R5,NC_045542.1,62912035,62969537,1e-04,0.577360925634934,0.7746559646935,-0.00560666666666667,-0.00456666666666667,0.000186666666666668,-0.00185666666666667
PIK3R6,NC_045542.1,62975883,63009270,-0.0018,0.0662799643857234,0.794554156458058,0.0192866666666667,-0.0109527777777778,-0.0318866666666667,-0.00465277777777778
PLA2G4A,NC_045551.1,3606659,3684985,0.007,0.592413061890291,0.864908146190694,0.0162266666666667,0.0183055555555556,0.0191466666666667,0.000618888888888888
PMEL,NC_045542.1,36558826,36575519,NA,NA,NA,NA,NA,NA,NA
PODN,NC_045545.1,33441998,33464822,0.0024,0.425845498142537,0.278677885113882,0.0204266666666667,-0.00356176470588235,0.00849285714285714,-0.0182272819472617
POMC,NC_045544.1,114460473,114464283,NA,NA,NA,NA,NA,NA,NA
PPARA,NC_045547.1,73961252,74008911,0.0254,0.408131757467424,0.16958176455277,0.0186266666666667,0.0262027777777778,0.01142,0.0111794444444444
PPARD,NC_045545.1,50366967,50418617,1e-04,0.00523572340760141,0.757913991017527,0.0199933333333333,0.00605833333333333,-0.00424,-0.00181833333333333
PPM1D,NC_045544.1,137211190,137248552,-0.0014,0.920353909033851,0.639458531000062,0.0121266666666667,0.00767777777777778,0.0108733333333333,-0.00382222222222222
PRDX1,NC_045545.1,41310774,41318938,0.0027,0.00403990051805092,0.883292098210555,-0.112344444444444,0.0261428571428571,0.125642857142857,-0.00637453416149068
PRDX2,NC_045542.1,67330740,67344583,0.013,0.64805737314708,0.874618604585891,0.0313083333333333,0.0460703703703704,0.0511583333333333,0.00483703703703704
PRDX3,NC_045550.1,10982922,10996385,0.0042,0.559646094212878,0.520728870361086,0.0149133333333333,0.0159666666666667,0.01124,0.00289
PRDX4,NC_045551.1,17708462,17716753,NA,NA,NA,NA,NA,NA,NA
PRDX5,NW_022473598.1,5363,17244,0.0169,0.651229829406483,0.379500869798298,0.0381333333333333,0.0460166666666667,0.0269,0.0153722222222222
PRDX6,NC_045551.1,11997739,12015594,0.013,0.150003123537449,0.118792520721121,0.00599333333333333,0.0207805555555556,0.01784,0.00886388888888889
PRKDC,NC_045548.1,36295762,36421690,0.0225,0.359646140973167,0.057140360578028,-0.00519333333333333,0.0139944444444444,0.00448,0.0143511111111111
PRKG2,NC_045549.1,10018132,10122392,0.0046,0.0392592603724175,0.666136350790648,0.01532,0.00985833333333333,-4.66666666666667e-05,0.00222166666666667
PSAT1,NC_045543.1,80625257,80652390,0.0905,0.435428681828295,0.000193890926238457,0.0269533333333333,0.0934694444444444,0.0166733333333333,0.0716561111111111
PTEN,NC_045555.1,42970557,43035925,0.0038,0.0622971095533079,0.326614498161561,-0.00522666666666667,0.0105694444444444,0.0123133333333333,0.00702611111111111
PXDN,NC_045543.1,718410,798190,0.0207,0.0289400128092935,0.00323747623891377,0.00596,0.0284444444444444,0.01684,0.0170444444444444
PXMP2,NC_045553.1,14731491,14742612,0.0219,0.856654140214643,0.945700839290393,0.0248933333333333,0.0261805555555556,0.0299866666666667,-0.00125944444444444
PYROXD1,NC_045547.1,10380902,10397732,-4e-04,0.645761559799494,0.701513215687663,0.0549933333333333,0.04215,0.0424933333333333,-0.00659333333333333
PYROXD2,NC_045550.1,25919165,25931512,0.0614,0.218698933205077,0.00279566891423158,0.0234,0.0609166666666667,0.00558666666666667,0.0464233333333333
RAB3IP,NC_045547.1,47753981,47783958,0.0114,0.366347128587823,0.0957808013074799,-0.00381333333333333,0.00543611111111111,0.00146,0.00661277777777778
RAD51,NC_045541.1,118430697,118441466,0.0257,0.0412995471668679,0.436384613383163,-0.0139866666666667,0.0121666666666667,0.0152466666666667,0.0115366666666667
RAD51B,NC_045541.1,111552087,111966535,0.0527,0.778860768616023,0.321890997709307,0.0251333333333333,0.0398055555555556,0.0205133333333333,0.0169822222222222
RAD51C,NC_045544.1,137968221,138019047,0.0027,0.684455862262535,0.992093446442553,0.0161133333333333,0.0179888888888889,0.0197266666666667,6.88888888888857e-05
RAD54B,NC_045548.1,53653379,53696736,0.0222,0.496755804358078,0.00227434381883381,0.01054,0.0307444444444444,0.01464,0.0181544444444444
RAF1,NC_045542.1,109442707,109500604,0.0263,0.1000264619081,0.320000961124728,0.0145333333333333,0.0139222222222222,6.6666666666667e-05,0.00662222222222222
RASA1,NC_045543.1,109203790,109252562,0.0205,0.0074755071250962,0.0808710840491985,0.00132,0.0580361111111111,0.0540133333333333,0.0303694444444444
RBM15B,NC_045542.1,103731498,103735778,0.0016,0.0187625903831082,0.259520683497616,0.0488733333333333,0.0265861111111111,0.02204,-0.00887055555555555
RBMX,NC_045552.1,57104939,57114934,0.0011,0.808846380060134,0.544850767973206,-0.0259533333333333,-0.0143333333333333,-0.0205733333333333,0.00893
RFX5,NC_045557.1,1894835,1902664,-0.0011,0.976893977933448,0.397522482637558,0.00901333333333333,0.00579722222222222,0.0092,-0.00330944444444444
RHEB,NC_045558.1,8980554,9011531,-0.0025,0.184289598350808,0.66553490623789,-0.0955666666666667,-0.947133333333333,-2.700175,0.4507375
RIT1,NC_045557.1,5408090,5416034,0.0222,0.0580874345493553,0.0227198398198676,-0.0019,0.0159166666666667,0.00822666666666667,0.0127533333333333
RNH1,NC_045541.1,75584582,75605590,0.0134,0.0471350425585064,0.883911650188378,0.02916,-0.00931388888888889,-0.0401,-0.00384388888888889
RORC,NC_045557.1,3749241,3756948,0.0256,0.000490346744764846,0.18065027442377,0.0147333333333333,0.00895555555555556,-0.0167333333333333,0.00995555555555555
RPS6KA1,NC_045552.1,18513405,18634783,0.0283,0.0956948128259758,0.423671458087926,0.02572,0.0437555555555556,0.0461866666666667,0.00780222222222222
RPS6KA3,NC_045551.1,19153938,19233066,0.0137,0.217773909462258,0.699833707250959,0.0400533333333333,0.0304166666666667,0.00696,0.00691
RPS6KA4,NW_022473598.1,63562,92977,1e-04,0.114112321026301,0.57062389910823,0.0344666666666667,0.00360833333333333,-0.0234666666666667,0.00776388888888889
RPS6KA5,NC_045541.1,139960942,139990614,0.0037,0.512479846618246,0.979654056077154,0.00262,0.00521944444444444,0.00816666666666667,-0.000173888888888888
RPS6KA6,NC_045552.1,44489613,44556784,0.0035,0.0818320764865949,0.624329418865696,0.0407866666666667,0.0229944444444444,0.01436,-0.00457888888888889
RPS6KB1,NC_045544.1,135617126,135650931,0.0068,0.111837543206071,0.66144856960157,0.00485333333333333,0.0117722222222222,0.0261266666666667,-0.00371777777777778
RPS6KB2,NC_045541.1,66639203,66650977,0.0274,0.036885075525824,0.894373721540215,0.0705,0.0425305555555556,0.0193333333333333,-0.00238611111111111
RPTOR,NC_045542.1,46106034,46544388,-6e-04,0.901294340490189,0.581641682766437,0.00249333333333333,-0.000880555555555556,0.00146666666666667,-0.00286055555555556
RRM2B,NC_045548.1,56812986,56828645,0.0545,0.00851667769672831,0.079179459736026,0.00579333333333333,0.0693916666666667,0.0650533333333333,0.0339683333333333
RUVBL1,NC_045542.1,116951936,116976901,0.0095,0.106730731021556,0.853858616883217,0.0104666666666667,0.0193222222222222,0.0257466666666667,0.00121555555555556
SDHA,NC_045558.1,83290806,83338650,NA,NA,NA,NA,NA,NA,NA
SDHB,NC_045555.1,7599488,7608503,0.0028,0.0427154867345822,0.87453248721987,0.0111466666666667,-0.000266666666666667,-0.00942,-0.00113
SDHD,NC_045553.1,48073716,48083134,0.0159,0.177590287447946,0.169240152510978,0.0143933333333333,0.016725,0.00608,0.00648833333333333
SIRT1,NC_045555.1,21499344,21519272,0.0131,0.0145879708206521,0.0939350332934017,0.01322,0.0134388888888889,-0.0125533333333333,0.0131055555555556
SIRT2,NC_045552.1,2104847,2117076,0.0086,0.273365406238317,0.887305471302577,0.0176133333333333,0.0248111111111111,0.0346733333333333,-0.00133222222222222
SIRT3,NC_045541.1,72495530,72509176,0.023,0.193648039900256,0.296651071254881,-0.00493333333333333,-0.005475,-0.0415266666666667,0.017755
SIRT4,NC_045553.1,16207863,16219377,0.0013,0.937894532392415,0.963835777388296,-0.002325,-0.0024,-0.0029,0.000234615384615384
SIRT5,NC_045548.1,10929095,10943684,4e-04,0.447502629607927,0.966883794814786,0.0108466666666667,0.00779722222222222,0.00426,0.000243888888888888
SIRT6,NC_045541.1,180393527,180418543,0.0103,0.0302984679741753,0.941193009766204,0.02546,0.0134555555555556,0.00251333333333333,-0.000531111111111111
SIRT7,NC_045542.1,49140642,49166303,0.0051,0.382134281034827,0.96206319426997,-0.0130533333333333,-0.00672222222222222,-0.00143333333333333,0.000521111111111111
SLC20A1,NC_045553.1,20284716,20293724,1e-04,0.0625379660098755,0.701379300657445,0.01332,0.00831111111111111,-0.000506666666666667,0.00190444444444444
SLC25A28,NC_045550.1,26259342,26263919,0.0045,0.019672727416315,0.776629898244384,0.0190533333333333,0.00514166666666667,-0.00458666666666667,-0.00209166666666667
SLC25A37,NC_045553.1,27767622,27819226,-0.0056,0.694146783990471,0.741438047584426,-0.00796666666666667,-0.00850277777777778,-0.0027,-0.00316944444444444
SLC6A12,NC_045547.1,17117517,17197177,0.0125,0.135014894807642,0.0109331237762923,0.0158933333333333,0.0292027777777778,0.00207333333333333,0.0202194444444444
SMAD6,NC_045556.1,22917881,22974981,0.0021,0.805374538592032,0.937364242157645,0.00308,-0.000858333333333333,-0.00222666666666667,-0.001285
SMAD7,NC_045543.1,139736832,139794226,0.0186,0.965178208895829,0.493963309141522,0.0268866666666667,0.0323166666666667,0.0273333333333333,0.00520666666666667
SMG6,NC_045544.1,142303558,142369289,0.007,0.00197640396861678,0.273724401220034,0.0216266666666667,0.0159833333333333,-0.000653333333333333,0.00549666666666667
SNRPA1,NC_045556.1,16269376,16277989,0.0026,0.794400323036058,0.438197280367902,0.02288,0.0163638888888889,0.0203266666666667,-0.00523944444444444
SOD1,NC_045546.1,50805425,50813527,NA,NA,NA,NA,NA,NA,NA
SOD2,NC_045544.1,58634218,58644474,0.0442,0.0103984529773031,0.0148334484449138,0.00922666666666667,0.0586722222222222,0.0449266666666667,0.0315955555555556
SOX10,NC_045547.1,30459632,30483595,0.0322,0.915409961435677,0.909639883463398,0.00768666666666667,0.00896333333333333,0.0032,0.00307133333333333
SOX4,NC_045548.1,12502775,12507109,9e-04,0.0529939166857601,0.637172215436002,0.0229533333333333,0.0159055555555556,0.00152,0.00366888888888889
SOX9,NC_045542.1,42021278,42048058,0.0227,0.332403730110086,0.224443892494868,0.00968,0.0239944444444444,0.02046,0.00892444444444444
SPATA18,NC_045549.1,67590202,67626213,0.0167,0.293420215366962,0.849319143828704,0.0156466666666667,0.0121,0.00558666666666667,0.00148333333333333
SPATA20,NC_045542.1,51187917,51241667,0.0314,0.0104755973875406,0.173545943105383,-0.00712,0.0730027777777778,0.0804533333333333,0.0363361111111111
SPATA22,NC_045544.1,139211603,139223592,-6e-04,0.0340557587257789,0.93993449966062,-0.000626666666666667,0.0459,0.0968733333333333,-0.00222333333333333
SV2A,NC_045557.1,1045941,1054510,NA,NA,NA,NA,NA,NA,NA
SYCP2,NC_045545.1,86910991,86922277,0.0137,NA,NA,NA,-0.00445833333333333,-0.00115555555555556,NA
TBX18,NC_045544.1,18733030,18759682,NA,NA,NA,NA,NA,NA,NA
TERT,NC_045546.1,77517130,77561430,-7e-04,0.0193045653380371,0.850887130176494,-0.0012,0.0345416666666667,0.0790533333333333,-0.004385
TEX261,NC_045549.1,1126145,1136503,0.0042,0.131727448567867,0.626582474654991,0.0182933333333333,0.0108555555555556,0.0078,-0.00219111111111111
TMEM184A,NC_045554.1,2358650,2376466,0.012,0.167224532424626,0.164260143080772,0.00547333333333333,0.0156722222222222,0.0130666666666667,0.00640222222222222
TPM1,NC_045556.1,671834,692620,0.0033,0.079167657131454,0.902604163374578,0.0195133333333333,0.00639166666666667,-0.00468,-0.001025
TRAP1,NC_045554.1,41069,48930,0.014,0.000338121729343762,0.228764306677635,0.03222,0.021575,-0.00964666666666667,0.0102883333333333
TRPC6,NC_045546.1,14776937,14866688,NA,NA,NA,NA,NA,NA,NA
TSC1,NC_045556.1,33964652,34006230,0.0037,0.202484501153038,0.214740010394015,0.00667333333333333,0.0160083333333333,0.0140866666666667,0.00562833333333333
TSC2,NC_045554.1,21430962,21497065,0.0101,0.69406444964686,0.152701199425488,0.0243466666666667,0.0407916666666667,0.0298533333333333,0.0136916666666667
TSHB,NC_045545.1,62155614,62159753,NA,NA,NA,NA,NA,NA,NA
TSHR,NC_045541.1,135259579,135299383,0.0154,0.40347342069678,0.922295831499977,0.0520733333333333,0.0723722222222222,0.0874466666666667,0.00261222222222222
TXN2,NC_045547.1,28611605,28628204,0.0164,0.0188737788235379,0.877123435612665,0.0041,0.0211444444444444,0.0354333333333333,0.00137777777777778
TYRP1,NC_045543.1,71213337,71232140,-0.0018,0.857298099026655,0.46536929835177,0.12638,0.0871875,0.114222222222222,-0.0313767857142857
USP24,NC_045545.1,31450839,31541678,0.0037,0.103481823679621,0.937963317274134,0.00473333333333333,0.0151222222222222,0.0242266666666667,0.000642222222222223
VHL,NC_045542.1,122495983,122503014,0.0528,0.00177894962660827,4.38665094000655e-05,0.0205133333333333,0.0535472222222222,-0.0041,0.0453405555555556
VIPR1,NC_045558.1,4786194,4818310,0.0231,0.518079894912021,0.0452890440878242,0.0170133333333333,0.0545555555555556,0.0309333333333333,0.0305822222222222
WDR12,NC_045541.1,7262402,7294038,0.0068,0.0263083409872268,0.169021543546561,0.01168,0.0384638888888889,0.0381866666666667,0.0135305555555556
WIPI2,NW_022473647.1,15785,42135,0.0122,NA,NA,0.0294,-0.0173666666666667,-0.0952,NA
WRN,NC_045543.1,44805637,44878660,0.0578,0.0210556409148376,0.143366771828616,0.0508333333333333,0.0477666666666667,-0.0900785714285714,0.0649597701149425
XRCC2,NC_045558.1,9543105,9551339,-5e-04,0.00995747131567287,0.985214044603276,0.0358533333333333,0.0137027777777778,-0.00883333333333333,0.000192777777777778
XRCC3,NC_045541.1,148997494,149011978,0.0686,0.734332647603264,0.00109667581838033,0.0158466666666667,0.0698222222222222,0.0208866666666667,0.0514555555555556
YWHAB,NC_045545.1,75096115,75112826,0.0047,0.00860811439663327,0.693167813863737,0.04308,0.0292472222222222,0.0082,0.00360722222222222
YWHAE,NC_045544.1,142687821,142702733,0.018,0.0534572860413267,0.134591516236903,0.00712,0.00858055555555556,-0.00372,0.00688055555555556
YWHAG,NC_045544.1,121763984,121783914,2e-04,0.0547626044713592,0.794343648522191,-0.00587333333333333,0.00162222222222222,0.0121266666666667,-0.00150444444444444
YWHAQ,NC_045543.1,4962625,4975020,NA,NA,NA,NA,NA,NA,NA
